"Time","Bioreactor 24 - Air flow","Bioreactor 24 - Base volume pumped","Bioreactor 24 - CER","Bioreactor 24 - DO","Bioreactor 24 - Feed#1 flow rate","Bioreactor 24 - Feed#1 volume pumped","Bioreactor 24 - Off-gas CO2%","Bioreactor 24 - OUR","Bioreactor 24 - pH","Bioreactor 24 - RQ","Bioreactor 24 - Sampling events","Bioreactor 24 - Stir speed","Bioreactor 24 - Temperature","Bioreactor 24 - Volume"
-19.5,0,NaN,NaN,NaN,0,NaN,NaN,NaN,NaN,NaN,,NaN,NaN,100
-19,0,NaN,NaN,NaN,0,NaN,0.00899999961256981,NaN,5.01276087233433,NaN,,0,29.3965565334194,100
-18.5,0,NaN,NaN,99.4913916480056,0,NaN,0.00899999961256981,NaN,5.03092726712013,NaN,,786.477403066661,30.6066120458997,100
-18,0,NaN,NaN,97.8510267586547,0,NaN,0.00899999961256981,NaN,5.05730451543531,NaN,,1399.90420355627,36.891412966047,100
-17.5,0,NaN,NaN,97.4057556413732,0,NaN,0.0085980096432833,NaN,5.05536665288844,NaN,,1400.22597131583,36.9905496613511,100
-17,0,NaN,NaN,97.4858328733153,0,NaN,0.00813980133066713,NaN,5.05250103655352,NaN,,1399.81055618131,36.9920196983803,100
-16.5,0,NaN,NaN,97.5630093965308,0,NaN,0.00800000037997961,NaN,5.05026206435042,NaN,,1399.90020231364,37.0068239874564,100
-16,0,NaN,NaN,97.5847113762286,0,NaN,0.00800000037997961,NaN,5.04687261173306,NaN,,1400.08515528446,37.0007385679993,100
-15.5,0,NaN,NaN,97.6560504410629,0,NaN,0.00800000037997961,NaN,5.04492324358809,NaN,,1399.86043299092,36.9917896901081,100
-15,0,NaN,NaN,97.7230574501876,0,NaN,0.00800000037997961,NaN,5.04466737786466,NaN,,1400.24050489201,37.0078478669503,100
-14.5,0,NaN,NaN,97.7488050611177,0,NaN,0.00800000037997961,NaN,5.04217692421107,NaN,,1400.229651674,37.0023080675183,100
-14,0,NaN,NaN,97.8227112561658,0,NaN,0.00800000037997961,NaN,5.04160960928863,NaN,,1399.60800415012,36.992602208975,100
-13.5,0,NaN,NaN,97.9304593409611,0,NaN,0.00800000037997961,NaN,5.04308488193787,NaN,,1400.03517541737,36.9979606443946,100
-13,0,NaN,NaN,97.9732886942814,0,NaN,0.00799282437874782,NaN,5.04385258736485,NaN,,1400.06315201507,36.9994164783204,100
-12.5,0,NaN,NaN,98.039769485683,0,NaN,0.00800000037997961,NaN,5.04263597592507,NaN,,1399.80141181617,37.0002596823906,100
-12,0,NaN,NaN,98.1183908174966,0,NaN,0.00800000037997961,NaN,5.04352447351744,NaN,,1400.01887992237,36.992797095774,100
-11.5,0,NaN,NaN,98.1394828979022,0,NaN,0.00800000037997961,NaN,5.04502911660888,NaN,,1399.87002934887,36.9897594958724,100
-11,0,NaN,NaN,98.1471401554718,0,NaN,0.00800000037997961,NaN,5.04395589157749,NaN,,1400.06905449759,36.9961763914357,100
-10.5,0,NaN,NaN,98.1985064078527,0,NaN,0.00800000037997961,NaN,5.04397292600151,NaN,,1400.4982717319,36.9942933913015,100
-10,2.20579237836936,NaN,NaN,98.1651257799129,0,NaN,0.00804554018488914,NaN,5.04478558871666,NaN,,1399.66607782122,37.0010998886814,99.9999959282732
-9.5,50.004006445181,NaN,NaN,98.7501972350442,0,NaN,0.000824217553175051,NaN,5.05012508200091,NaN,,1399.75967639957,37.0100796250286,99.9917492715023
-9,50.0056386036193,NaN,NaN,98.8347778377313,0,NaN,0,NaN,5.05053351756537,NaN,,1399.83880181291,37.0144731566965,99.9759561096348
-8.5,49.9817430864863,0.236527054953538,NaN,99.549028937788,0,NaN,0,NaN,5.28838809677617,NaN,,1072.45843693299,37.0441603921741,99.9919341516511
-8,50.0034420921642,0.369586151570535,NaN,98.9993427638116,0,NaN,0,NaN,7.02428953058186,NaN,,500.00057090459,36.9897931036201,100.313600667618
-7.5,50.007274001501,0.444223827220122,NaN,99.7708447273667,0,NaN,0,NaN,7.01128446125827,NaN,,499.846458327756,36.9953309886018,100.372743601269
-7,50.0012785119396,0.468809209695596,NaN,99.8966402850517,0,NaN,0,NaN,7.04943907413791,NaN,,499.937013782697,37.0031757224744,100.381552236128
-6.5,50.0217896232826,0.471649345999999,NaN,99.9435233365774,0,NaN,0,NaN,7.02734628825071,NaN,,499.902389478072,37.0028896814156,100.368704704542
-6,50.0080746980721,0.471649345999999,NaN,99.9829487294802,0,NaN,0,NaN,7.01781777361144,NaN,,500.048620459816,37.0029719648851,100.352924047142
-5.5,50.0170621641394,0.471649345999999,NaN,100.033400194542,0,NaN,0,NaN,7.01343809837608,NaN,,500.024537280055,37.0074348256638,100.33714608059
-5,50.0096626507295,0.471649345999999,NaN,100.039399696695,0,NaN,0,NaN,7.01057297003102,NaN,,500.066467951401,37.0011155606146,100.321369080219
-4.5,49.9972360730482,0.471649345999999,NaN,100.084859034445,0,NaN,0,NaN,7.00811533380086,NaN,,499.868896082645,37.0024582265014,100.305592474148
-4,50.0068037725377,0.471649345999999,NaN,100.097885905508,0,NaN,0,NaN,7.00616275329796,NaN,,499.969122910398,37.0030760968545,100.289819745596
-3.5,50.0072336090865,0.471649345999999,NaN,100.131700974956,0,NaN,0,NaN,7.00477532752976,NaN,,499.918030465923,36.9977122580028,100.274040974712
-3,50.0079389476506,0.471649345999999,NaN,100.124110728007,0,NaN,0,NaN,7.00339581756052,NaN,,500.009213427243,37.0045264151287,100.258264145962
-2.5,50.0111051396813,0.471649345999999,NaN,100.2272600072,0,NaN,0,NaN,7.00341636400969,NaN,,500.029330824778,36.9942050386784,100.242487161936
-2,49.9969901092313,0.471649345999999,NaN,100.192457390897,0,NaN,0,NaN,7.00316293350984,NaN,,499.936102785979,36.9994544700419,100.226714116228
-1.5,50.0148173500305,0.471649345999999,NaN,100.267791290411,0,NaN,0,NaN,7.00241513461223,NaN,,499.963937116854,37.0026653957946,100.210936223571
-1,50.0106497089639,0.471649345999999,NaN,100.257095370606,0,NaN,0,NaN,7.00303497033964,NaN,,500.07635580176,37.0020737860407,100.195157207838
-0.5,50.0101640527003,0.471649345999999,NaN,100.015121052339,0,NaN,0,NaN,7.00535650440242,NaN,,499.908328719527,36.9919931918242,100.179377950187
0,49.9923762605602,0.471649345999999,0.0551644948673546,52.5362806813296,0,NaN,0.00407844746069822,1.15646595031823,7.01685123908052,0.121042758989271,,610.505841180799,36.9968704995079,102.163616696899
0.5,49.9955451772473,0.471649345999999,0.40446144672682,47.9127097503396,0,NaN,0.0299058705634338,1.46558986783543,6.99133704116501,0.272121369693021,,865.33806381206,37.0012795197964,102.14896608454
1,50.0053867738721,0.491125266738407,1.00563423137488,47.0135317161619,0,NaN,0.0743632726562694,2.33789552366534,7.0198358484878,0.422821282858451,,1056.04031493982,36.9952141971764,102.154066661138
1.5,49.9973313577793,0.517165691186809,2.18017843266348,47.7289762795067,0,NaN,0.161221869021962,3.61210416889262,7.02212223257657,0.598443527151065,,1236.33515055653,36.9881421222535,102.16567651246
2,50.0096151107004,0.548473553179211,3.75469128609608,48.1998241515862,0,NaN,0.277626876355457,5.20814486808567,7.03190429659371,0.716784216820861,,1381.01001282808,36.994261478766,102.181769355649
2.5,50.0041060337753,0.580049591937973,5.58854065763357,48.5740636287077,0,NaN,0.413277617746365,7.11632182900305,7.02335476196277,0.785937401014884,,1481.78886912775,36.994488024975,102.19719486805
3,50.0142438437599,0.623183414869768,7.91357225902668,48.7821764190544,0,NaN,0.585409597106929,10.0505349970894,7.02439127624044,0.787693349147666,,1584.01459067456,36.9994104607502,102.223255062467
3.5,49.9968813194217,0.67107296192861,8.78368287019904,50.7881701895069,0,NaN,0.649721293114345,10.4456051771475,7.02992247218007,0.844570565947783,,1576.03273740574,36.9994787741715,102.253777483097
4,49.991597816134,0.686242932470621,8.60665979748491,49.9486136444932,0,NaN,0.636384076118654,9.61831332082944,7.01561907726275,0.895019141771214,,1554.35761371756,36.9994688382646,102.249627070967
4.5,50.0122639551531,0.709115109431342,8.66903943943298,49.9297408959679,0,NaN,0.640854954988931,9.81407961388701,7.01849128572891,0.883542607622045,,1560.81694937844,36.994851000247,102.253463632354
5,49.9972743917315,0.738517854429137,8.92785837385044,49.7394010683964,0,NaN,0.660191599305619,10.2309222315263,7.01983226610405,0.872818388296245,,1577.07896774779,37.0026375154638,102.263782954248
5.5,49.9994456111662,0.775299930749656,9.61374486074607,49.5471711114865,0,NaN,0.710911863445884,10.9214550780505,7.01972418145096,0.88033906071471,,1603.20144225029,37.0002322660568,102.281277160578
6,50.0037376862909,0.823559879187845,10.2194597000417,49.5887517130493,0,NaN,0.755809388538068,11.7890621375374,7.02274137190295,0.866743796186087,,1633.09841406016,37.0002932649199,102.310191276631
6.5,49.9832334742441,0.881276687867399,11.0810879616975,49.621783145941,0,NaN,0.819873682987993,12.7387162974708,7.02650657125338,0.869918063047371,,1662.28028521527,37.001668914305,102.348277792577
7,49.997451484138,0.946240173102933,12.0401508483101,49.6309460024163,0,NaN,0.890659764046512,13.6782507646078,7.01920598575388,0.880293120694317,,1689.87320118153,36.9959724878431,102.39310278549
7.5,49.992828134413,1.02229680011643,12.9029856032241,49.7105673977814,0,NaN,0.954485970358164,14.6968170592844,7.02237521899342,0.877992424754079,,1712.09049979919,37.0004780416325,102.448624551382
8,49.9976942719915,1.10770865526529,13.7048046763392,49.7731294326688,0,NaN,1.01388635076134,15.4928194834134,7.02380917196559,0.884598450708594,,1730.23978733081,37.0033632321679,102.513214746918
8.5,49.9957292691628,1.19773403446817,14.3056906739517,49.8740305179945,0,NaN,1.05829258649025,15.9691030180393,7.01858230860312,0.89589149052761,,1742.35701708395,37.0002334528461,102.581801753233
9,49.9954887630505,1.29479467115562,14.6980233569408,50.0724440317841,0,NaN,1.08685911562189,15.9880616201743,7.02290245327085,0.919499904882539,,1744.32070789449,36.9992024415228,102.656641174595
9.5,49.9934529364736,1.39290833722171,14.916889422471,49.740812781912,0,NaN,1.10318273524981,16.1793066818507,7.02112521026012,0.922097124056397,,1751.32645490735,37.0009550500817,102.732087836783
10,50.0034867346932,1.49548248178115,15.4970085855437,49.6971228489864,0,NaN,1.14592807548506,16.8188493167208,7.02287251508006,0.921461798789423,,1773.40024946001,36.9974405050218,102.811907794816
10.5,50.0032443073281,1.60339303990668,16.0374745869239,49.7999170325109,0,NaN,1.18598467893942,17.4154137945031,7.02136414802144,0.920971405916263,,1788.42593803493,37.0006124778809,102.896690419013
11,49.998428980506,1.71578143525291,16.5413533745086,49.874360158894,0,NaN,1.22320093040631,17.8703952793517,7.01965035544437,0.925734769980324,,1801.0887092235,36.9985482770411,102.985696375073
11.5,49.9890698181086,1.83026047083703,17.0310740541059,49.9073448248261,0,NaN,1.25961658516334,18.2838456626903,7.01905112955138,0.931600439799202,,1810.23079560586,37.0041892856132,103.076349175616
12,49.9937569693155,1.876675398,9.14338449550547,57.5130193071535,0.00810289303748193,0.00177511319728919,0.66281005545187,7.40902998561215,7.08029623263319,1.25807057377221,,1393.88817774673,37.0125108994021,102.883006042353
12.5,49.9915048566008,1.90887910558794,9.40857689693592,42.1303076464581,0.298175226526163,0.0786055279910171,0.691289905262512,13.221417266909,7.05267006269201,0.750328678553151,"Sample 1.00 mL to Freezer 3/B6",1658.10249304693,36.9981956535558,102.049683826587
13,50.0053309110365,2.03129390509469,20.2958292320975,49.0570973525111,0.301171637306948,0.228364861453767,1.50306974141928,23.6337675295355,7.02519618389992,0.857633491037717,,1909.02928769312,36.9981547993739,102.303294106899
13.5,49.9821511430571,2.09506131253133,21.6386904092106,50.0455029082099,0.304198457776328,0.379621305796795,1.60203041823669,24.0996553094885,7.01666883485638,0.898565993176241,,1900.46372543031,36.9986466214516,102.494312149501
14,49.9997995784313,2.10203259775428,21.6252249755461,49.5551819545834,0.307255933014638,0.532457828005552,1.5999650466779,23.5482262508866,7.02135923541346,0.930420407382707,,1870.75243081551,37.005771223699,102.62859124079
14.5,50.0008469491961,2.12717746021298,24.5693066924709,51.0966336428923,0.31034387064759,0.686802595716482,1.81847888541628,26.9589297028973,7.03867242126166,0.916756907090152,,1905.93808651814,36.9969159979695,102.782892728313
15,49.9883574205061,2.127181956,24.517150209336,48.7208969812641,0.313462838136511,0.842638793721543,1.81559858669006,27.6017837335577,7.0202762425722,0.88843864829021,,1927.37607916475,37.0023934541015,102.91245638271
15.5,49.9990930180681,2.127181956,24.7327734781443,50.5586443799765,0.316613106735353,1.00009186366024,1.83044536706372,26.9867952046159,7.03037867425372,0.916261662918396,,1903.65212187926,36.9991507812414,103.042898040396
16,50.0147971787458,2.127181956,24.3805825827398,50.1683648165248,0.319795194060007,1.15915749260714,1.80451340231955,27.2435513733274,7.04209792386553,0.895162803784877,,1903.30361436818,37.0007627343883,103.176002924216
16.5,49.9885954354095,2.127181956,24.1440214103343,49.9364834294801,0.323009201788074,1.31982511313519,1.78810205418493,27.2347744969323,7.05098083431071,0.886529248179428,,1902.36420367009,37.0049811082416,103.311096773861
17,50.0133995710132,2.127181956,22.4393540580953,50.6290613350588,0.325794129692541,1.48207123449014,1.65527224397548,24.9379611853952,7.07662151927239,0.899521258438149,,1858.19817209136,36.9965952637388,103.295294829382
17.5,49.9912118695659,2.127181956,21.8111669527042,49.9491355809304,0.322402881544823,1.64394049251086,1.60481012253015,24.8379832147573,7.08196019545696,0.87802211196864,"Sample 2.00 mL to Freezer 3/D6",1854.81792845048,37.0026210910085,101.345440487374
18,50.006744268239,2.127181956,22.3167946535543,50.0985715790823,0.325643248333524,1.80591257630457,1.65183835667477,24.9582283689642,7.06611040277545,0.894179666134908,,1850.96318520736,37.0044678255206,101.48276757702
18.5,50.0049964780517,2.127181956,22.2001410570697,50.1746125559673,0.328915903219855,1.9695129767303,1.64281699703501,24.613820058349,7.04030023863627,0.901961536584256,,1842.90088040757,37.0001208647098,101.62126685509
19,50.0052265378134,2.127181956,21.7827092368438,50.169235562369,0.332221648807685,2.13475241649249,1.61166065721999,23.8989261964363,6.99929860546124,0.911476831846639,,1829.27764223003,36.997834108847,101.761153937827
19.5,49.9842390568639,2.1554808670612,20.0171302304805,50.3102278101186,0.33556049280724,2.30165971182612,1.48208556489878,22.7193295511953,7.00845089968445,0.880813533644472,,1806.92096372393,36.9975139000417,101.931591406736
20,50.0020460356683,2.20703378794854,19.1404399446144,50.0356709334961,0.338932916393014,2.47022282105746,1.41732100943476,22.2579364678963,7.01377861578283,0.859836485528141,,1800.39688531938,37.0016931396533,102.128840217636
20.5,50.0006741231857,2.26068542007908,18.9960153719753,49.979243851588,0.34233924694119,2.64047925929665,1.40646448210226,22.0454961513912,7.01125328793481,0.86160784663193,,1798.86077891887,36.998867465991,102.330478698837
21,50.0028034296001,2.3228634918147,19.1009328349955,50.0270247893804,0.345779851102532,2.8124604963058,1.4142147225153,22.0773724697497,7.01771800357406,0.865128014576008,,1799.17369086457,36.9992249912156,102.542294148012
21.5,50.0072686559269,2.38792909011631,19.1917651075923,49.8669946773699,0.349254670650006,2.98617073452027,1.42099220712885,22.3653715728684,7.01171197692593,0.858075011489015,,1804.06548691458,36.9952481043846,102.758737413621
22,49.9771666291035,2.4626777653579,19.6714203674925,49.8546039334724,0.352694052292663,3.16163571504332,1.45744134896578,22.7848131142869,7.0167670149673,0.863391496842836,,1814.5723828704,36.995122634268,102.955972114374
22.5,50.0027708751482,2.54239181154022,19.8935488205996,50.0827802299483,0.348568383639231,3.33688848795738,1.4627381431869,22.8363406702285,7.00541145532983,0.872525881726744,"Sample 2.00 mL to Freezer 4/B6",1811.18384049101,37.0046603657152,100.978836301555
23,49.9971680610565,2.66543377901315,20.4522728094037,49.7091032455189,0.35207137537311,3.51200932435356,1.51470788990459,23.7407356900831,7.01471119678295,0.861550982842896,,1827.19400498865,37.0006364181614,101.253764243111
23.5,50.0021178270623,2.76030729402543,21.6701939600309,49.6160974930971,0.355610103845964,3.68889603370431,1.60492376110482,24.9354767562078,7.01611950366779,0.86894170947151,,1851.74627181006,37.0014464316305,101.502607444268
24,49.9862653697233,2.85991359117659,23.067031584064,49.6599809461262,0.359183431801233,3.86754549318734,1.70853361936266,26.2350575685905,7.01764102211821,0.879261513639034,,1876.81684766825,36.997686215078,101.756617583507
24.5,50.012065565837,2.9686820372263,24.6275278448071,49.5526900883331,0.362793233794782,4.04799882247373,1.8235753420924,27.9043997275007,7.01308563940406,0.88250259161601,,1906.98306201028,37.0017473833363,102.021019549738
25,50.0088344617964,3.08940044443464,26.5804705974911,49.4717607527121,0.366439692052351,4.23026787686634,1.96782122314604,29.748766717943,7.00126789820043,0.893470303964478,,1940.75232980609,37.000075499548,102.297923928784
25.5,50.0046991171848,3.21575885763573,28.4278601742516,49.4789337981017,0.370122047312526,4.4143616297532,2.10514573869631,31.781010700448,7.00330759650174,0.894454930070812,,1979.5183389751,37.0006625854394,102.58142428175
26,50.0036585054941,3.35513433333946,30.6561975235916,49.3267842730024,0.373841804661942,4.60030575947341,2.27027244606819,33.9966391281458,7.01793215996973,0.901174491745338,,2024.06257646602,37.0039605313741,102.878968634831
26.5,49.9963059027284,3.49781851906167,33.7186898383379,49.1802545659374,0.377599182540354,4.78811304203423,2.49657251101912,36.7455324303262,6.99682907733533,0.917640007876435,,2079.95922912637,37.0020440760269,103.178905892185
27,50.0064658243399,3.61637976947114,31.6768589181974,52.6671906221523,0.381394628682484,4.97776210739163,2.34077632200844,31.984915297312,6.99736975251003,0.997353665979222,,1988.22392062141,36.9852536081925,103.454688022789
27.5,50.0021846273204,3.69537901657544,25.1343559370732,50.1507879651943,0.37726100558228,5.1674651604493,1.83497432279784,26.731114195011,7.00326271085492,0.942226087614753,,1891.55662336866,37.0033309030501,101.541154366426
28,50.0214823871059,3.78062339409495,25.8668613465166,50.00045915709,0.380685221722577,5.35677375805978,1.91337329463352,28.0532120835717,7.00428697479433,0.922047027168081,"Sample 2.00 mL to Freezer 4/D6",1903.07397632398,37.0034598414018,101.698410209629
28.5,50.0016974161328,3.86083039002096,26.0764411050158,49.6932650845618,0.384511470992129,5.54795608439165,1.92941654126105,28.372680873482,7.00356500357718,0.919109049284412,,1913.42557608778,37.0021848832131,101.942044067366
29,49.9853102528073,3.97858917144756,26.4402550310862,49.8079531386972,0.388375436251533,5.74108559815712,1.95799934152317,29.2545847020604,7.0081332416201,0.903837007026906,,1928.69829987551,36.9985075998995,102.225141705957
29.5,49.9876057128328,4.09971976804774,27.3746992381449,49.8184041964844,0.392278186379145,5.93618998200411,2.02673097060296,29.9974111597356,7.00884526160898,0.91258257509139,,1944.66942990328,36.9985564006774,102.514127333353
30,49.9941338036602,4.16767631874222,27.6303774837338,49.8314017098985,0.396220590919868,6.13325712526499,2.0459698078758,30.4665201542393,7.00544113690996,0.906897821177903,,1954.74167244544,36.9891309605168,102.751275094381
30.5,49.9981788639271,4.23748064348839,28.0840621298789,49.981143130032,0.400202560936544,6.33224416263469,2.07916135829346,30.8757408932856,7.012520186431,0.909592232053262,,1961.37254515875,37.0003826793444,102.992044728724
31,50.0064127983761,4.30617837578014,28.3495180112836,49.9467715069313,0.404224644338198,6.53325000134958,2.09838828832231,31.1404472111458,7.00764823636599,0.910374765147051,,1966.64147321832,37.0003003162511,103.233507084171
31.5,49.982851083787,4.37691641848208,28.2211694672296,49.9299033377489,0.408287550770723,6.73628530566949,2.08976225257816,31.084135283111,7.00963586815346,0.907832592487094,,1967.19156247992,37.0002029409313,103.479107776394
32,49.9977936273635,4.45059265322966,28.9786432568808,49.9764770390901,0.412390550286285,6.94138100424823,2.14569288520087,31.8081657283076,7.01404867479571,0.911029536530667,,1977.71749735094,36.9994815472019,103.729430154915
32.5,49.9799042700799,4.51242674342615,29.2209841796602,47.9600360301304,0.408830679824765,7.14687647364438,2.14477276985703,31.2842811364349,7.00348024139617,0.938143677414501,,2093.54272904541,37.0063575190758,102.131832218365
33,50.019750488582,4.58579336343444,28.9520527004924,50.7556542908485,0.411657750302987,7.35162151430396,2.14272785641293,31.6772379656819,7.01291732971852,0.913954380509352,"Sample 2.00 mL to Freezer 4/B6",2088.54226034062,37.0053715908561,102.075817656145
33.5,49.9877159552054,4.66218779953348,29.3946246417447,50.3500000409343,0.415795066395228,7.55842487580637,2.17635568689663,32.1443619038063,7.01032308757966,0.914470305065924,,2048.83812118767,37.0000484936925,102.330193190498
34,49.9772434580422,4.73898451783041,29.9710600218064,50.1900495180229,0.419973574530392,7.76730454079864,2.2189891012433,32.3586228655105,7.00928149340379,0.926231861837026,,2028.48806134775,36.998178848444,102.586364556663
34.5,50.0022117987852,4.81559926086748,30.445011467041,50.0558376125926,0.424194526954564,7.97826176725298,2.25260825908029,32.6152074739895,7.00938750666497,0.933457968621073,,2021.71697683265,37.0011413416234,102.84371187266
35,50.0130077772491,4.90662023318775,32.2385696548827,48.8882843773411,0.428457907700604,8.19127265369129,2.38668797617396,35.3470873588892,7.00780594354246,0.913206118312638,,2069.46631145242,37.0082613690036,103.117203774826
35.5,49.9957485956075,4.99844585462059,33.1756116191296,50.8812836062329,0.432763907480941,8.40649977207556,2.45340229655907,34.4768874271486,7.00576186331405,0.962289635269642,,2049.97456100398,36.9938901006985,103.392281533562
36,49.999299858436,5.06737170380902,30.8012671153862,51.8451831717092,0.437113200719142,8.6238995559213,2.27648982102116,31.3242851190985,7.02204461668279,0.990117851907643,,1977.52455771774,36.9904433208281,103.645634506417
36.5,49.9837595277032,5.12585304744716,29.9326448733965,48.4582308157792,0.441506286623364,8.84348248437643,2.21611588214832,32.4483973586252,7.00573841904339,0.922585908286231,,1997.8389637963,37.0057370471601,103.891942360296
37,50.0080137384431,5.21498735034202,32.4556505147221,49.7541699872919,0.445943579419719,9.06527323744521,2.400662467619,34.2948043035177,7.00933938131118,0.946339393288747,,2029.25503961995,36.9993582485355,104.171825489035
37.5,49.9878816769524,5.29687338348272,33.3080971793065,49.8903603551599,0.450425341554883,9.28929062714012,2.46407177285938,34.8465572869263,7.00811492031285,0.955849993332356,,2039.57522656502,36.9995064967357,104.444770388076
38,49.99998389617,5.38237507811564,34.1396458198381,49.0810118782978,0.454952294805429,9.51555653877607,2.52552426165168,36.0448617724312,7.00656835936477,0.947525910728235,,2067.27135106866,36.997459740464,104.723025732536
38.5,50.0049928171645,5.47568969150838,34.4324766378958,51.3804982419383,0.459524461728574,9.74406412319266,2.54597125495409,35.4599527756801,7.01203372105068,0.980021193613153,,2046.42151486816,36.9932569559965,105.011112511485
39,49.9953350315013,5.57122080067172,33.6367368048713,50.1552747207287,0.464142806223493,9.9747917230795,2.48867564134318,35.5502729296322,7.02597516785851,0.950661112309881,,2050.29325477126,37.0006031597106,105.303599987114
39.5,49.9798868065468,5.65232720203101,35.5735615595469,45.8885458188936,0.460832854724091,10.2062754638727,2.61067302434301,36.9708186511988,7.00633027078324,0.958716930209066,,2198.7271813221,37.0171623331961,103.852372632101
40,50.0034312228679,5.73984888237074,36.7964345489327,54.0127913671232,0.463464151282922,10.4368728523267,2.71816624921606,36.4987379366428,7.02285277124668,1.01293487316498,"Sample 2.00 mL to Freezer 4/D6",2164.36716156252,36.9906721683149,103.723813321085
40.5,50.0106444932461,5.81589284660876,35.1239610179933,49.8893500921564,0.468121973803185,10.6696856017302,2.59765337027501,36.7387768258843,7.02483870766693,0.967723661445947,,2124.00805571454,37.0018279047945,103.997482977266
41,50.0019504070618,5.89691383129408,35.7253601744089,48.362874674318,0.472826719327943,10.9048397914539,2.64326546873381,37.6988946876173,7.02132737309619,0.953711701161288,,2125.46302306544,37.0042221073478,104.278393658124
41.5,49.9846655948981,5.98135666305781,36.616553831554,49.9708478573123,0.477578710676136,11.1423553150413,2.70666489143163,37.0685816204191,7.03146663269285,0.992337559441653,,2099.88357091875,36.9955493628765,104.564552198042
42,49.9963986825164,6.05361067108455,39.5293435900231,49.77236508979,0.482378478201661,11.3822228235045,2.92206448662284,40.1492621473503,7.01216787711671,0.9902928456832,,2150.29257971987,36.998273290326,104.838990465776
42.5,50.0004404850007,6.13286746158848,39.5636812421914,49.8748805102079,0.487226416779083,11.6244633613629,2.92346664406978,39.9505818653339,7.03362176910615,0.996186535531504,,2156.53330372309,36.9932906548785,105.121478610888
43,50.0098456534131,6.20937795434647,41.1091355262281,49.8412526409288,0.492123183975203,11.8691996254743,3.03778174958456,41.5206044796448,7.04072532035604,0.994384883635898,,2178.20153952748,37.0017843326203,105.403706699799
43.5,49.9911672063452,6.27594066402356,43.6743776235323,49.7274809974214,0.49706905173285,12.1163967554756,3.22733988194365,43.8105698122714,7.03227122555387,1.00134442499879,,2224.4058179563,37.0030552012952,105.676899266957
44,50.0069108339201,6.34481123763836,44.5929421971033,48.4149232425171,0.502064692463423,12.3660768899356,3.29428719892291,44.6965950033632,7.0330051211227,1.00259655554313,,2269.12138263846,37.0020451505116,105.953204753202
44.5,49.9872434373435,6.39389078658243,46.3945185226534,49.1327090548754,0.507110538998352,12.6182714680914,3.4272028944467,46.0123171348999,7.03660109423707,1.01351660407329,,2301.04518243432,36.9989920606845,106.210838887592
45,49.9863976545495,6.4366808293401,47.6335467409485,49.5518558428277,0.512207074038978,12.8729944907764,3.51906416052223,47.1905240132335,7.03850285154898,1.01525341064008,,2329.08541985658,36.9978932662288,106.463437637309
45.5,49.9980114559936,6.48791080851777,48.4672555472393,49.7436024175388,0.517355249356655,13.1302581860091,3.58031760014136,48.3052066425619,7.05583522134267,1.00910058636389,,2353.45268441664,36.9999711313989,106.727088438452
46,49.98031934975,6.52247099831057,48.6394492170767,49.741524494459,0.514994493693203,13.3888228853073,3.59195540355301,47.8797704612606,7.0490703715136,1.03056005478561,,2377.4115419456,37.0043304635779,105.421211046531
46.5,50.0005744492255,6.54920200470647,50.9152212843649,49.5083178824374,0.516748059335971,13.6460629317765,3.75998422182508,50.3076068271428,7.03888237745118,1.01818757117484,"Sample 2.00 mL to Freezer 4/B6",2410.41515858599,36.9990711308006,104.970870164429
47,49.9903658205544,6.57603908020992,52.0303166708301,50.0067436817301,0.521941454499801,13.9056304184053,3.84367988429911,51.71128606665,7.03895271984729,1.01133329684203,,2440.67830493246,37.0021478049924,105.209716451657
47.5,50.0122147673368,6.60648943106855,52.6959291157351,50.3097437959289,0.527188130516311,14.1677948993341,3.89134359773134,52.3154581093112,7.0487507372408,1.01281399951771,,2463.94959309995,36.9937580310228,105.454263295539
48,49.989428309673,6.634956018,53.3828498244539,50.0812129502668,0.532486480900725,14.4325031409293,3.94240767649245,52.5885515349703,7.04456002644788,1.02005342323421,,2482.77602975398,36.9942033805263,105.699983904663
48.5,50.0109077687759,6.65791675895443,53.9693715776047,49.4405919899999,0.537836939159846,14.6999507620788,3.98401906259855,53.2198320552836,7.03976934363483,1.01962384925826,,2510.47344944248,36.9984864096755,105.940831078197
49,50.0040847814701,6.68507537713352,54.5765562333009,49.2509708684059,0.543242182457626,14.9700897611032,4.03016862077371,54.097575794434,7.03815264768127,1.01358875540737,,2533.50066399792,37.0021463466586,106.188879654784
49.5,49.9793127641577,6.71614849091716,55.1327463534907,49.2504371288264,0.548701748755121,15.2429751733539,4.07340925587018,54.8163566343812,7.03766385477068,1.01004895890978,,2551.22617383531,37.0039984709295,106.443158942161
50,50.0106449535096,6.744617158,57.0098365177349,49.5482605209032,0.546742813660817,15.517426571136,4.05893143756618,57.0037033963708,7.04045462503782,1.00424060375607,,2613.31854865411,37.0044264641156,105.316553164864
50.5,50.006809150308,6.77180845137485,54.767140246171,49.855318167176,0.548030481540622,15.7903675106744,4.04460369079967,54.5371410479775,7.03893681497991,1.01029386467755,"Sample 2.00 mL to Freezer 4/D6",2664.39367399535,37.0026071662014,104.807404491328
51,49.9824150934424,6.80544275353582,55.8567116561089,51.7987299033416,0.553538475136516,16.0656716505249,4.1275448800802,55.7782514044006,7.04606869973535,1.00608539057893,,2568.66183721665,36.9969818103701,105.066662214384
51.5,50.0043968085463,6.8402271293796,56.050549868403,50.0230656925717,0.559101824943418,16.3437442197287,4.14043129298556,55.882549907723,7.03826735759238,1.00707087698717,,2555.15646506864,36.9986273822,105.329842435879
52,49.9908761259919,6.88065634000078,56.3104408671505,49.7238799674642,0.564720728135701,16.6246100906568,4.15926178334378,55.9336506879355,7.04871959156084,1.01122431751494,,2556.93529470868,36.9969691012826,105.600918471117
52.5,50.005686852652,6.91912424556905,56.9778923846723,49.5515387317258,0.570396088839873,16.9082447341321,4.20750089579729,56.5667249955977,7.04224407320882,1.01119435597904,,2574.88407031821,37.0002718047388,105.872893902274
53,49.9928876565562,6.96216567943275,57.6963169933848,49.2648248767419,0.576128875525899,17.1947887171761,4.26346807494584,57.6369648423719,7.04348821007941,1.00427788806173,,2600.42371636862,37.0027659621252,106.151562696401
53.5,49.9919652476452,6.99988712483664,58.6616307529037,49.2929588226929,0.581919149178992,17.484207369811,4.33312076792202,58.373860257788,7.03494224385535,1.00846128208655,,2618.33666367753,37.0025941028457,106.427618462759
54,50.0077327834101,7.03770730836129,59.1791297082949,50.3287154685069,0.581372492297386,17.7756723872295,4.29787277811067,58.0614583985353,7.03594884672291,1.01243908445395,,2625.51997637606,37.0040044070413,105.5342101548
54.5,49.9967467345877,7.07466202243521,58.319826755804,50.4605629486565,0.581211217196025,18.0653783088603,4.30774141616195,58.0548692756271,7.0387832723076,1.00772427949347,"Sample 2.00 mL to Freezer 3/B6",2616.04265794768,36.9969577046425,104.740007685139
55,50.0035677057743,7.12165172689387,58.6523824212348,48.9727541344806,0.587052467861528,18.357203601019,4.33467065923951,59.1674497388584,7.03922556676086,0.993713690478049,,2648.92660585558,37.0033648263237,105.027766026868
55.5,49.9923231658829,7.16461777493265,60.1785983193199,50.5294465210455,0.592952891482287,18.6521085529659,4.44526296793175,59.9842569940022,7.04175740067919,1.00577935375581,,2651.70473836332,36.9960859508158,105.314287798171
56,49.9982436263069,7.2077770357445,60.0354020583248,49.1672590992339,0.598911721146208,18.9499599884643,4.43450407300709,59.6814459750135,7.0393153949555,1.00837922348934,,2677.86650179294,36.9960546553221,105.603297158382
56.5,49.9854435666323,7.2426976595778,61.9706838306776,49.9977625339355,0.604930854633177,19.2508031405205,4.57790408236177,61.6039493255057,7.02792059050955,1.00843607105356,,2702.94523962426,36.9994968493773,105.885587213485
57,49.9919546523691,7.28790889101311,61.4583919847956,49.3283734458639,0.611010749654226,19.5546828216567,4.53962927128738,60.89676680818,7.03095517795552,1.01151391075154,,2723.08211586495,36.9990245967534,106.181332620013
57.5,49.991875084662,7.33833320691647,62.159131665816,50.4547877096191,0.617151180629898,19.8615278655381,4.59211704948828,62.0260307891289,7.04110230538249,1.00412375210223,,2731.13190242041,36.99661308886,106.485272258811
58,50.019209831645,7.37958532408208,62.7925577052886,49.2064599223362,0.6173416939834,20.1706734918929,4.55794027809827,61.3103635730871,7.02590546891022,1.01946600878009,,2762.97550351999,37.0052797916749,105.739931516946
58.5,50.02210975412,7.42270556121978,61.9613226594394,50.2274478275105,0.61641179312558,20.478136698067,4.57425082202295,61.5201390420904,7.0350297228515,1.00927750499099,"Sample 2.00 mL to Freezer 3/D6",2745.60244462251,36.9955384115362,104.837442899229
59,50.0152532269347,7.47306628451486,62.8249055587461,49.9710869878774,0.62260682579589,20.7877832123427,4.6390071626202,62.7359684239904,7.03555890234613,1.00302915182882,,2761.43632772427,37.0013290592151,105.143454696649
59.5,49.989653163655,7.52010922171772,63.2386712694669,49.3410059174587,0.628864146526579,21.1005415537541,4.67094856137745,62.6381069466424,7.03731677488132,1.01153511613375,,2782.21626673434,36.9980451536878,105.448629557887
60,50.0041881265746,7.56756059815735,64.3708135969687,50.246795640727,0.635184315207554,21.4164183360961,4.75263627010488,63.6916704612103,7.03721350361919,1.01246470645622,,2797.26661009106,36.997810247704,105.757098851291
60.5,50.0028314262856,7.61566506037711,64.7546523689256,49.0433577799847,0.641568069670433,21.7354420801745,4.78174283059476,64.2539994270012,7.02896257412306,1.00947429252814,,2835.40198244303,37.0022979999346,106.06869757934
61,49.9997334907497,7.66550590033219,65.158987954634,49.7349878464561,0.648015932699055,22.0577060403323,4.81175464296026,64.5066401666065,7.03592402562552,1.01164685356515,,2847.01759742199,36.9979838460298,106.385187919952
61.5,49.9803515409069,7.71580157165524,66.3491474784958,50.2275832344783,0.654528632081554,22.3831286607096,4.90014305040806,65.7200906764606,7.03337480351061,1.0110817730972,,2874.18512743491,36.9961223376342,106.704386481784
62,50.7627231095716,7.76457099046246,65.6427108207172,47.7198778975615,0.655560517909601,22.7113191668435,4.69090326415965,64.2827025681425,7.03241537628067,1.01362202123225,,2925.56360532671,37.0145596431161,106.149858635199
62.5,54.3102112009255,7.79433035549842,67.7481228692324,50.5300058161142,0.653777518317481,23.0377023606706,4.6121699598045,65.8127330860126,7.02806932630767,1.0311137351249,"Sample 2.00 mL to Freezer 4/B6",2992.88666662153,36.9941310840722,105.181958449151
63,52.5489177063172,7.85381500460966,66.3403344921122,51.7818385021907,0.660348085373884,23.3661052842494,4.62053859051988,65.7875058848961,7.02735995426144,1.00981010579512,,2983.77692732788,36.98980895982,105.510342706336
63.5,51.8729581544907,7.91672606858665,67.09372408067,51.586060946056,0.66698465721022,23.6978136362168,4.76410131578506,66.5591542928374,7.02648365953438,1.00950240842479,,2977.52735570072,36.9972211470876,105.848461280025
64,52.0692904384203,7.97645034142809,66.869690940265,50.4402507727488,0.673688051563766,24.0327132412837,4.76540093972623,66.6408966482497,7.03135591040419,1.00439495707496,,2981.82445777282,37.0037095108879,106.185830070005
64.5,52.6473999601295,8.02989766025962,68.4709588471323,50.8080500794841,0.68045864073528,24.3710738246702,4.80844915570134,67.6269748445304,7.03131440797481,1.01359322906166,,2985.61911023043,36.997015320878,106.518899043264
65,53.3248146358099,8.08456364313988,69.2726355049342,50.7502580327522,0.687297478784166,24.7128653672683,4.80137622117232,68.5390183877729,7.03202231874979,1.01184713070048,,2991.53022012742,36.9971135677976,106.856083016658
65.5,53.7482139422434,8.14010799401239,69.6708135198077,50.7925043229236,0.694204876183246,25.0578579834689,4.77961240441048,68.9536276053308,7.03453914513998,1.01140037663266,,2994.67573602211,36.9984710649187,107.196706984899
66,54.3328490312732,8.18530620136051,71.4697855939379,50.6823683158598,0.697155846377049,25.4062510505101,4.73028386245042,70.5248207699944,7.02073111444128,1.01382092726137,,2997.18605428529,37.0036118306401,106.902922163191
66.5,54.0822635693678,8.24047610986759,69.2135949371766,50.8675670161385,0.693485045625223,25.7530539349766,4.71057058166412,68.7845809104386,7.02534837620492,1.00745331034956,"Sample 2.00 mL to Freezer 4/D6",2996.09869764476,37.0022028707785,105.631852062424
67,54.3509957471186,8.30035876670755,69.9012324079821,50.3885703077565,0.700454750012578,26.1013757330274,4.74748163113809,69.2788375107518,7.02676768543307,1.0101432889807,,2996.49052816905,36.9969165822083,105.980306813692
67.5,54.9995548007744,8.35565548003103,70.6568277049616,49.9208273694716,0.707494352426785,26.4529314076901,4.75830891504612,69.9171764947912,7.02106466370945,1.01162315698558,,2998.38405986269,36.9987298503082,106.326291129697
68,55.5842560054509,8.41261745704087,71.5220634980687,49.8488939657455,0.714604909351921,26.8082594381987,4.76879374774925,70.8494992077894,7.01673154567982,1.01066502050221,,2999.51274039193,36.9993625890911,106.677182451666
68.5,55.8630041659138,8.47833737594728,71.9942331898189,50.3988374391389,0.72178675554346,27.1672092980841,4.74351148439216,71.3981135821449,7.02774895244571,1.00937647359303,,2999.94670774716,36.9963804539014,107.039876777968
69,56.2712612564206,8.54193463153364,72.3800767956412,49.9001137360139,0.729040810120269,27.5297686373417,4.74295025461895,71.2911913261921,7.02526346244913,1.01637081699279,,3000.78592637558,36.9968830085176,107.404079957145
69.5,57.7772070782768,8.60117356414878,73.2668710539991,49.4634035700674,0.736367810239452,27.8959395207498,4.70220870716492,72.2666383635506,7.01892006330075,1.0149293518391,,2999.13908673133,36.9963395488958,107.765788623058
70,58.9293366106018,8.65942020699079,74.2248599051295,49.6048398944189,0.74039721528234,28.2656025288223,4.56908912157933,73.3671166570618,7.01422408310484,1.01041421423528,,3000.26683753478,37.0057373678484,107.632580240057
70.5,58.3296607408874,8.73515387182709,72.3520103302496,50.3619870699817,0.735696967420664,28.6338167694861,4.56709776348098,72.0768294971897,7.02340825991451,1.00475985793553,"Sample 2.00 mL to Freezer 3/B6",3000.70833288759,37.0070118398353,106.2706689817
71,58.2053547625023,8.81094414831729,72.902946303249,50.1755415117351,0.743090741626756,29.0033628196633,4.60956962734575,72.2721212393007,7.02374909475901,1.00974120632126,,2999.04941137684,36.9965806373501,106.653446579694
71.5,59.6100025050858,8.87275923323145,73.8789494110491,49.3810692975449,0.750560383804549,29.3766180769713,4.59957457085987,73.2068610450215,7.01180561063213,1.01022978965968,,2999.89500642419,36.9966848733752,107.024408415117
72,60.2973446663405,8.94683345719625,74.419317698012,49.9844588637942,0.758102351749768,29.7536036759577,4.56225763994428,73.9102073070113,7.02018793188385,1.00783436335115,,2999.34795362564,36.9945353706757,107.411363715028
72.5,61.2636643312433,9.01923321348102,74.34414738156,49.7640358048086,0.765721311989126,30.1342657698371,4.48308549929674,73.6901512272134,7.02011548182951,1.0097170951623,,2999.33509644303,36.9916468536732,107.799590143829
73,62.9086833152247,9.09270974509077,75.4874586381903,49.5922381045138,0.7734168697322,30.5187750258789,4.4503405808748,75.1167075206012,7.01795316014191,1.00571927799683,,3000.0521268252,36.999584716799,108.19161147517
73.5,63.6115036543124,9.17021073732168,75.5114718722343,49.9030824404818,0.781189741554108,30.9072313543674,4.3799520890434,74.4653008184709,7.01797738658076,1.01487613503488,,2999.95513089768,36.9932263575336,108.591614289391
74,65.0216897169378,9.24878063178501,75.846063768029,49.9018737154343,0.786427111913935,31.2993445168138,4.26561590079213,74.9061371447699,7.01613324885683,1.01711697868384,,2999.64107993578,37.0036303563764,108.624101652487
74.5,64.1167242713839,9.3296524644427,73.9321958461282,50.1043066120256,0.780612932725504,31.6903290082382,4.24723960869507,73.1832290433234,7.01737346070981,1.0116014164575,"Sample 2.00 mL to Freezer 1/B6",2999.69856780769,37.0024343529106,107.159140963449
75,64.2015333003922,9.42060148258562,75.0710387062374,50.1533513726504,0.788457578125848,32.0824540258957,4.3153377946849,74.4127351741144,7.0181345950343,1.00963514130515,,3000.40941581999,36.9983176360472,107.576143084821
75.5,64.7449200543499,9.51201247853369,74.8205563898483,49.539665135137,0.796381500143425,32.4783910424597,4.27767127134731,74.2586484829107,7.01715578836291,1.0082923661176,,2998.93370828996,37.0023717465942,107.996674600956
76,65.4591643698254,9.6067657547746,75.8453162780132,50.1969429397453,0.804385675483073,32.8783098670982,4.27384336477191,75.0431314480754,7.01643488772185,1.0114953890515,,2999.78538220859,36.9995477122167,108.424050770482
76.5,66.3789144686375,9.70461851247911,75.4722433097453,49.5382603266651,0.812469718985645,33.282220310651,4.20778795957299,74.5267607193815,7.01110234567739,1.01358668144542,,3000.71970388304,36.9942101729881,108.858398506887
77,66.7976695462956,9.82067287073667,75.4291125815473,49.8668894735944,0.820635114880702,33.6902942468134,4.17489561930354,75.02375556809,7.02092447496905,1.00598500666824,,3000.07362891223,36.9990186573866,109.315009126017
77.5,66.6130102814807,9.93976118481911,75.4057894218332,50.3540019710923,0.828882184004856,34.102324637129,4.16859731957908,74.7269616610311,7.02429022220233,1.00958013276311,,2999.78979107928,36.9958598390728,109.778921661715
78,66.6547342486114,10.0578703007926,75.3461042416018,49.9063191391854,0.837212652849492,34.5186287125066,4.17049706299385,74.2999272127089,7.01320022556838,1.01497668032523,,2999.53695379411,36.9953542221575,110.245731824378
78.5,67.2539420424785,10.1820963251341,75.515255113743,49.6524758559956,0.84562698191381,34.9390649559884,4.15739803009323,74.8898403862475,7.00313110553713,1.0094019974619,,2999.56297893627,36.9997202409826,110.722195788396
79,66.5668025448126,10.3129498539938,75.4370070078856,50.4137458131222,0.852249344324218,35.3636065944912,4.10979958326223,75.124276884729,6.9996717007351,1.00521928875335,,2999.54845963381,36.9939983793135,110.962273690306
79.5,64.7296945161671,10.4577405052548,72.5106197409765,50.2909863988915,0.845362838277167,35.7873042162558,4.10105748266085,72.7872243343308,7.00043016978664,0.997066341947558,"Sample 2.00 mL to Freezer 1/D6",2999.70331947534,37.0011040082861,109.4741367013
80,62.9435672973958,10.6200007253009,72.2870831266053,50.4195841483414,0.85385909679656,36.2118917470905,4.22407121059331,72.2741558965389,7.00898739050718,1.00104024656052,,3000.52587017823,36.9965486654058,109.997100444414
80.5,61.4359344046009,10.789991484549,72.0032318625558,50.4687755092643,0.862440756839713,36.6407439423477,4.30913376270617,71.8789767114142,7.00091040435445,1.00273708353357,,3000.37639304284,36.9978285080077,110.532341428235
81,60.2068775476269,10.9750592347553,71.2825569354495,50.2860988621177,0.871108664032625,37.0739053515156,4.36053875150888,71.4299297547327,7.00528327833318,0.998718571911982,,2999.92374646748,36.9974009442471,111.088332513923
81.5,59.2899346813702,11.1663328001686,70.5310454887935,50.0004796714327,0.879863113701778,37.511395631905,4.39192745971572,70.9101304939404,7.00424127898178,0.995297830183985,,3000.66351970241,36.9983911439759,111.655878445923
82,58.35587289497,11.3693307140066,69.9608315405215,50.3476587204382,0.888705755084767,37.9532510864059,4.413557306237,70.4734789277701,7.00559997825486,0.993474339362953,,2999.79761270708,36.9971065130238,112.240761273284
82.5,56.9748701100904,11.579707868492,69.049190193091,50.3059367516302,0.897637699027083,38.3994359569864,4.4630726013124,69.5991580655608,6.99986878850435,0.992855663200684,,3000.03358749695,37.0006782582301,112.838181140743
83,55.8165541775955,11.8072988968093,67.9925727405651,50.1977933266027,0.906659059296509,38.8501954586575,4.48893505222041,68.7408118080583,6.99868566379802,0.98986149873444,,2999.72392466149,36.9997481151282,113.458479063556
83.5,54.5205203226926,12.0467896789518,67.234810302648,50.2726640088516,0.915770874903541,39.3052814761386,4.54301090960968,68.1002755287817,6.99854292336792,0.988023092190909,,3000.4666555525,36.9999692355898,114.095823356135
84,53.5304233611082,12.3023519263655,66.5930433751845,50.3341161349349,0.924974690771762,39.7651210862039,4.58873622846152,67.2346226320622,7.00225965103147,0.990975204246521,,2999.47073652656,36.9982337084613,114.755323891962
84.5,52.8799940504569,12.5625669932762,66.1139631432681,50.5203638399896,0.934270986144276,40.2294579033304,4.61116056862186,66.3406026544427,6.99895604583545,0.997187085276134,,2997.63944496903,36.9974504806904,115.423915022664
85,52.286734606498,12.8308768196016,65.3204038657691,50.7011516064803,0.943660721303088,40.6986583854311,4.6070474974532,65.6509002695127,6.999022206335,0.995558624184536,,2995.1160868734,36.9976065388002,116.1052539606
85.5,51.398217132407,13.109050410427,64.5459633861445,50.8986482739552,0.953144346690598,41.1725778804479,4.62629696602422,64.6180274146934,7.00246629716774,0.999299714544665,,2991.72023860776,36.9994435235193,116.802248603641
86,50.211365077656,13.3913302775605,64.1999146505772,52.930201778563,0.962723603537656,41.65125518817,4.70909416075951,63.8047231201281,6.99684997673498,1.00648920965674,,2903.80259982428,37.0130252886761,117.508120591286
86.5,49.9957909787062,13.6849360653293,63.1085064018865,52.0842487211499,0.972399191405621,42.1347346598019,4.66094713869577,62.4657112467591,6.98982139241659,1.01086067476471,,2707.76814524494,37.0021777534324,118.229737813616
87,50.0113477079362,13.9983796070564,61.7438914020568,51.1195017560849,0.982171967227541,42.6230747303852,4.55846148990166,61.2059551176771,6.99224303357744,1.00926502857219,,2602.9973427542,36.9981503903928,118.9772288215
87.5,50.0066447686942,14.3255150065591,60.5740328333281,50.9566877767683,0.992043006082724,43.1160926992484,4.47172648164546,59.8878387216903,6.99064348930925,1.01195849442567,,2538.81888446678,36.9983314525121,119.744017071166
88,49.9869610785643,14.6717578454308,58.9854775418307,50.6195174552782,1.00201319755191,43.6141938342755,4.35734062110588,58.6833687600284,6.9912965839539,1.00554069304147,,2490.94712658744,37.0003359060805,120.535845941074
88.5,49.9966812090466,15.0313422671292,57.7200802779596,50.4114804228263,1.01208357863602,44.1173878869019,4.26383456723093,57.4294466328337,6.99227730576614,1.00535653560508,,2450.53134299324,36.9988474560465,121.347117359815
89,50.0117239269254,15.3996584555829,56.7219954346312,50.6144638120447,1.02225495748181,44.625645925666,4.18909112897631,56.5175660039502,6.99134616781117,1.00397119687896,,2412.92323876652,36.9994669271722,122.173208059022
89.5,50.0035137265502,15.7788699322959,54.7735259716027,50.5871347338055,1.03252878283428,45.138958425078,4.04757115997571,55.323392073627,6.99162870065838,0.990274518313234,,2375.20560581667,37.0008374757373,123.016238315177
90,50.0116967138006,16.192108924162,52.5266087310479,50.5020539510178,1.04290595488932,45.657317381792,3.88363564783122,53.9089696815468,6.99056744575923,0.974490660985469,,2334.25205600406,36.9987889368145,123.901075198458
90.5,50.0118803672047,16.6289495265111,50.0667961605237,50.7023603705383,1.05338783977734,46.1810003749675,3.70411006523999,52.4377882818772,6.98958369616374,0.954940019901279,,2283.28390520038,36.999345061781,124.818034831669
91,49.9940497430686,17.0714155568755,47.8436735443142,50.6378095957914,1.0639737689847,46.7097716672026,3.54385772502347,51.2803732663674,6.99037421800622,0.93309463733427,,2239.87606962586,37.0003721014224,125.748715920585
91.5,49.9958896754243,17.5301122057137,46.0882216937085,50.5004566444386,1.07466696821282,47.2440567886855,3.4150837764366,50.1435283909042,6.98904584140924,0.919187108512858,,2203.11200086766,37.0006890870974,126.703511447675
92,49.9952026640658,18.0058035850314,44.4369371564165,50.4162512245426,1.08546786308682,47.7835514848645,3.29470744396667,49.2036494531228,6.98861511698606,0.903139236065212,,2169.08098279297,37.0004865322124,127.682777468789
92.5,49.9967684380326,18.4966365508287,42.8507832954235,50.3889396218894,1.09637673679915,48.3286759361863,3.17947649648214,48.289959565133,6.98825019110289,0.88735125025188,,2138.69636308573,37.0001457060952,128.684824164768
93,49.9914321099882,19.0009528786441,41.2514313023723,50.4541854572508,1.10739568687963,48.8793127190584,3.06205267197959,47.3843438501628,6.98784828275628,0.870540477201402,,2108.33910307196,36.999931614258,129.707998005732
93.5,49.984157471911,19.5096493976889,39.6413201679442,50.5250360923686,1.11852522004144,49.4355075121384,2.94347147217918,46.1816153498849,6.98741449679613,0.858358076639428,,2071.98561251652,37,130.743035287174
94,50.001312341718,20.0173388482416,38.046019063576,50.5503213220849,1.12976686076118,49.9972876815146,2.82497660614178,44.8266508383842,6.9869046684021,0.848710983572769,,2032.64687361013,37,131.784115793766
94.5,50.0235536667382,20.5216420179332,36.4348911257742,50.5479599316105,1.14112077840619,50.5646680191613,2.70475268498171,43.5192339425221,6.98748691815812,0.837187398673176,,1994.38225821281,37,132.828674905282
95,50.0177442461188,21.0284667342453,34.8731702605967,50.5586628045322,1.1525894115913,51.1375858153478,2.58930585239598,42.0808064639679,6.98450451377661,0.828695894832175,,1953.88475787503,36.9993583799341,133.882759367963
95.5,49.9912076829469,21.563814031368,33.2149583636661,50.5004307457323,1.16417321803845,51.7159421488429,2.46749877975488,40.6503907252422,6.97982919226204,0.817062532622255,,1917.1442240843,36.9997182000849,134.970934313305
96,49.9885887601033,24.5916989766093,32.868768336986,52.6018252922779,1.17587310921215,52.3004084795869,2.43215434493131,34.5059442913972,6.7117943080929,0.954236925095905,,1797.08972825023,36.9840074002439,138.540391940233
96.5,50.0090783703739,29.5694772567096,21.0368471720916,52.604114809387,1.18769064628693,52.890637936654,1.55927962808183,25.7430122347089,6.40196879955038,0.814404625437456,,1590.26521544334,36.9778164726077,144.080613827283
97,50.006994521183,34.5465620483688,14.4828614483129,52.0771760985892,1.19962722031743,53.4871103309571,1.07238580006767,17.8033066928249,6.15657168860696,0.816973878289319,,1431.78292532466,36.9805098760713,149.635024269385
97.5,50.0063125394045,39.5241712561606,9.69400884991118,51.5651475845203,1.21168389569434,54.0894073431299,0.716841279077972,10.9733173524292,5.99700520815479,0.884223970010713,,1302.8129084224,37.0014091154475,155.195451118081
98,50.0059967608556,44.4997398228982,6.80171000570435,51.0091711276318,1.22386062310212,54.6976991052542,0.502742456847586,7.72280244943664,5.90383834830909,0.880123832860047,,1216.94044691895,37.0061657889746,160.759922691232
98.5,49.9987177349521,49.470622041461,5.03887427131209,50.9032137378159,1.23616135365507,55.3117116460063,0.372445232447381,5.93503270457975,5.83618268013691,0.84834842208543,,1153.27761689255,37.0000708325534,166.327247804372
99,49.9949943704214,54.4475330155545,3.85835353722372,50.738764010772,1.24858481668157,55.932453682536,0.285318786851898,4.72955441189908,5.77913574199644,0.815385306724446,,1093.96913339868,37.0010693380961,171.907800107569
99.5,50.0039943062502,59.4253081728399,3.0810451105054,50.6621521043101,1.26113345544436,56.5594780733547,0.227688711588563,3.93643526124566,5.73058544700578,0.782227816896583,,1042.81871631691,37.0056160729248,177.496172574866
100,49.9843037207525,64.4031317330714,2.54130629275552,50.5872596698758,1.27380789962343,57.192675678278,0.187923103235077,3.33809209832674,5.68880074425137,0.761147413561247,,1000.1418328119,36.9966577312378,183.090977048799
100.5,50.0013879334625,69.3799952865691,2.15956439158725,50.6035106306922,1.2866099520853,57.8323440067127,0.159612846870755,2.89049242553552,5.65286844947523,0.747258203892185,,958.274642402657,36.9933283305217,188.691591083615
101,50.0197400624507,74.3539723034567,1.87128260150727,50.6243103785625,1.29954060277201,58.478285315149,0.138250173136877,2.46014173903987,5.62058320617601,0.761066562139239,,910.399073905954,37.0038649187884,194.295584587174
101.5,50.0045208215587,79.3289484471535,1.6586596546006,50.5566525835477,1.31260152917341,59.1305093675298,0.122573083090453,2.09870259553038,5.59205540450428,0.791301467399197,,871.959614546157,37.009287849137,199.90689913047
102,49.9968509425643,84.3032049869083,1.50267750076156,50.4403927612404,1.32579307051548,59.789537602307,0.111026882282409,1.79512148641531,5.56800722469002,0.837656508629072,,837.097983835938,37.0099290026146,205.523879946824
102.5,49.983151770838,89.2785633468289,1.35997463599369,50.4643843649166,1.339117866006,60.455252586098,0.100520027330651,1.50004176947223,5.54738622963272,0.90740994989603,,802.333061869237,37.0099983215332,211.148779714286
103,49.9867034888717,94.2548982810977,1.23251793136498,50.3687146778331,1.35257629528462,61.1275409530679,0.0910836904573952,1.27745308035624,5.52952178194757,0.966679525591881,,774.164819033714,37.0099983215332,216.781022125769
103.5,3.7781086094518,99.2274729915255,0.0868974823954254,30.3099203608435,0.09777564571242,61.512879557021,0.044462050977137,1.14501072584374,5.45406050899018,1.00409020643001,,519.891830905555,23.7228626559222,222.131733926522
104,0,104.201204361298,0,67.7187002562033,0,61.514640894,0.0346154952155624,NaN,5.42761564763603,NaN,,499.980979449757,8.53185401527312,227.107413703856
104.5,0,109.17643405742,0,78.9330952336274,0,61.514640894,0.0471399192041528,NaN,5.45624723401515,NaN,,499.959014785444,8.03351653625995,232.082573808065
105,0,114.151407415241,0,81.1978685564223,0,61.514640894,0.0549738975803534,NaN,5.46708007342762,NaN,,500.058882305865,8,237.057640600496
105.5,0,119.128374078226,0,81.1724736925305,0,61.514640894,0.0608277654169218,NaN,5.47246904257988,NaN,,499.917182795779,7.99951467446516,242.034620451819
106,0,124.1032976456,0,81.1843316321467,0,61.514640894,0.0672024731275608,NaN,5.48079188536684,NaN,,499.92500392552,7.99933484642529,247.009661348037
106.5,0,127.056072929804,0,80.7465277221421,0,61.514640894,0.0699658550018512,NaN,5.48639172290304,NaN,,499.990376470974,8.00244417077468,249.97793436475
107,0,127.080051762,0,80.2686846471631,0,61.514640894,0.0635832304620202,NaN,5.49118510026145,NaN,,500.033122949994,7.99943822786457,250.003621904225
107.5,0,127.080051762,0,80.2054987466087,0,61.514640894,0.0585182640340736,NaN,5.49707852262154,NaN,,500.04849681268,8,250.003621904225
108,0,127.080051762,0,80.1852914615394,0,61.514640894,0.0546354634351859,NaN,5.50338559498419,NaN,,499.933237631765,8,250.003621904225
108.5,0,127.080051762,0,80.1562585060998,0,61.514640894,0.0513000747714429,NaN,5.50844766706229,NaN,,499.959843167372,8.0024901319933,250.003621904225
109,0,127.080051762,0,80.1426249321689,0,61.514640894,0.0486720453319149,NaN,5.5134098440058,NaN,,500.014527456953,8.00445198150655,250.003621904225
109.5,0,127.080051762,0,80.1222055562502,0,61.514640894,0.0463762806206371,NaN,5.51683186716377,NaN,,499.914908609285,7.99550026740054,250.003621904225
110,0,127.080051762,0,80.0944903282103,0,61.514640894,0.0444296622558805,NaN,5.52112306520349,NaN,,499.814890602799,8,250.003621904225
110.5,0,127.080051762,0,80.0335630197508,0,61.514640894,0.0426961080458386,NaN,5.52559611150294,NaN,,499.92639179031,8,250.003621904225
111,0,127.080051762,0,79.984415886972,0,61.514640894,0.0411692540923184,NaN,5.53090148696948,NaN,,499.950026151059,8,250.003621904225
111.5,0,127.080051762,0,79.9719350594859,0,61.514640894,0.039623833564877,NaN,5.53321982834408,NaN,,500.113659261111,8,250.003621904225
112,0,127.080051762,0,79.9256845904345,0,61.514640894,0.0385619123551235,NaN,5.53595837440284,NaN,,500.052919738053,8,250.003621904225
112.5,0,127.080051762,0,79.8864203488087,0,61.514640894,0.0372291272089114,NaN,5.53849273999151,NaN,,499.965509009015,7.99974860128041,250.003621904225
113,0,127.080051762,0,79.8401879029127,0,61.514640894,0.0361110736101607,NaN,5.54035915323523,NaN,,500.132337023379,7.99887069211845,250.003621904225
113.5,0,127.080051762,0,79.8138074097526,0,61.514640894,0.0350623003209579,NaN,5.54139442671743,NaN,,499.92488602183,8.00044397997333,250.003621904225
114,0,127.080051762,0,79.7709599298958,0,61.514640894,0.0340119007037742,NaN,5.54211836877622,NaN,,500.062166907722,8.00225088726143,250.003621904225
114.5,0,127.080051762,0,79.7364420949019,0,61.514640894,0.0330731710407697,NaN,5.54412016493362,NaN,,499.873139874096,8,250.003621904225
115,0,127.080051762,0,79.6553579038594,0,61.514640894,0.0320693547588082,NaN,5.5457969229619,NaN,,500.15817556839,8,250.003621904225
115.5,0,127.080051762,0,79.6154215919543,0,61.514640894,0.0311867244995465,NaN,5.5469848752408,NaN,,499.9656338514,8.00069200844957,250.003621904225
116,0,127.080051762,0,79.5845365388635,0,61.514640894,0.0305323227306613,NaN,5.54813002635881,NaN,,499.938522496397,8.00151702544338,250.003621904225
116.5,0,127.080051762,0,79.5254419459679,0,61.514640894,0.0298538553547959,NaN,5.54834378084243,NaN,,500.02489561807,7.99562195257452,250.003621904225
117,0,127.080051762,0,79.4868898239978,0,61.514640894,0.0291155463122524,NaN,5.54857212304013,NaN,,500.025379968939,8,250.003621904225
117.5,0,127.080051762,0,79.4534366773798,0,61.514640894,0.0284852543899501,NaN,5.54845586261985,NaN,,499.979689029767,8,250.003621904225
118,0,127.080051762,0,79.4132300620648,0,61.514640894,0.0279556799033795,NaN,5.54823576955916,NaN,,499.937187219579,7.99965640046914,250.003621904225
118.5,0,127.080051762,0,79.3906839291163,0,61.514640894,0.0272476268520548,NaN,5.54784370640816,NaN,,500.018521928917,8,250.003621904225
119,0,127.080051762,0,79.354072451485,0,61.514640894,0.0268543167452362,NaN,5.54760172164088,NaN,,500.01532565,8,250.003621904225
119.5,0,127.080051762,0,79.3388909285803,0,61.514640894,0.0261228416155937,NaN,5.54763016839111,NaN,,500.009085833333,8.00324604651663,250.003621904225
120,0,127.080051762,0,79.3050979320934,0,61.514640894,0.0257833176287025,NaN,5.5477925280754,NaN,,499.927603180534,8,250.003621904225
120.5,0,127.080051762,0,79.2774393030563,0,61.514640894,0.0251590948430511,NaN,5.54803223318717,NaN,,499.880277299444,8,250.003621904225
121,0,127.080051762,0,79.2269503228767,0,61.514640894,0.0249243317480359,NaN,5.548342990367,NaN,,499.987355723619,8.00090937359121,250.003621904225
121.5,0,127.080051762,0,79.1910857850062,0,61.514640894,0.0242970432193955,NaN,5.54895697416769,NaN,,499.962703796402,8,250.003621904225
122,0,127.080051762,0,79.1593006174874,0,61.514640894,0.0240068177097338,NaN,5.5488216442776,NaN,,500.083106784472,8,250.003621904225
122.5,0,127.080051762,0,79.1130188927861,0,61.514640894,0.0237041488780083,NaN,5.54901616678986,NaN,,500.017075792086,8,250.003621904225
123,0,127.080051762,0,79.0572887970262,0,61.514640894,0.0232048251548356,NaN,5.54921709784639,NaN,,499.97888381233,8,250.003621904225
123.5,0,127.080051762,0,79.0206001000099,0,61.514640894,0.0229795294857926,NaN,5.54893469242096,NaN,,499.834045697689,7.99965920331107,250.003621904225
124,0,127.080051762,0,79.0051297098832,0,61.514640894,0.0226089747559533,NaN,5.54893407263742,NaN,,500.026060915856,8,250.003621904225
124.5,0,127.080051762,0,78.9528329779817,0,61.514640894,0.0220817628021822,NaN,5.54891700098549,NaN,,500.07394785893,8,250.003621904225
125,0,127.080051762,0,78.9241373475474,0,61.514640894,0.0220067996041275,NaN,5.54893174008176,NaN,,499.98640431424,8,250.003621904225
125.5,0,127.080051762,0,78.8833995017452,0,61.514640894,0.021863035413896,NaN,5.54864659268288,NaN,,500.024850102173,8.00095506352584,250.003621904225
126,0,127.080051762,0,78.8311058135912,0,61.514640894,0.0213387769001856,NaN,5.54850949537147,NaN,,499.97259,8,250.003621904225
126.5,0,127.080051762,0,78.7698277025915,0,61.514640894,0.0210272436102324,NaN,5.54861838813277,NaN,,499.857132332845,8.00003580265277,250.003621904225
127,0,127.080051762,0,78.7373795835028,0,61.514640894,0.0209727380457427,NaN,5.54869231751454,NaN,,499.958166922741,7.99812519136779,250.003621904225
127.5,0,127.080051762,0,78.6883067520736,0,61.514640894,0.0207405266187914,NaN,5.54857085595736,NaN,,499.945996855525,8,250.003621904225
128,0,127.080051762,0,78.6460108897364,0,61.514640894,0.0202133981046106,NaN,5.54872510315823,NaN,,499.915615738889,8.0008869786342,250.003621904225
128.5,0,127.080051762,0,78.6058538325373,0,61.514640894,0.0200204434452051,NaN,5.54863962095101,NaN,,500.0499575,8,250.003621904225
129,0,127.080051762,0,78.5617471909717,0,61.514640894,0.0199832825550598,NaN,5.54863773636959,NaN,,500.016342922943,8,250.003621904225
129.5,0,127.080051762,0,78.5189761323505,0,61.514640894,0.0197576831750784,NaN,5.5487577519946,NaN,,499.921942171501,8,250.003621904225
130,0,127.080051762,0,78.4814233132064,0,61.514640894,0.0193337604604268,NaN,5.54895611984889,NaN,,499.883951671888,7.99892534668148,250.003621904225
130.5,0,127.080051762,0,78.4645332050491,0,61.514640894,0.0190682174557898,NaN,5.54909491102839,NaN,,499.979601342525,8.00018666077223,250.003621904225
131,0,127.080051762,0,78.4304455977395,0,61.514640894,0.0189999993890524,NaN,5.54913358603912,NaN,,499.986193374475,8,250.003621904225
131.5,0,127.080051762,0,78.4106477354483,0,61.514640894,0.018979568830148,NaN,5.54893931113675,NaN,,500.031716917724,8,250.003621904225
132,0,127.080051762,0,78.3772505923062,0,61.514640894,0.0188685821210269,NaN,5.54901886688666,NaN,,500.055796669125,8,250.003621904225
132.5,0,127.080051762,0,78.3326471353294,0,61.514640894,0.0185115653499208,NaN,5.54865029853414,NaN,,499.975226968707,8.00020466301759,250.003621904225
133,0,127.080051762,0,78.2880696845199,0,61.514640894,0.0180887945174721,NaN,5.54850582189943,NaN,,500.03437541445,8.00034056057241,250.003621904225
133.5,0,127.080051762,0,78.2649739673473,0,61.514640894,0.018034105619619,NaN,5.54833262308377,NaN,,499.939382046427,8,250.003621904225
134,0,127.080051762,0,78.2369027154916,0,61.514640894,0.0179999992251396,NaN,5.54802806975673,NaN,,500.032639344626,8.00025636005249,250.003621904225
134.5,0,127.080051762,0,78.2026656919221,0,61.514640894,0.0179863728593983,NaN,5.5479315932683,NaN,,499.935977455607,8.00049367933638,250.003621904225
135,0,127.080051762,0,78.1722530967151,0,61.514640894,0.0178762219518041,NaN,5.54744495088975,NaN,,499.833892127777,8,250.003621904225
135.5,0,127.080051762,0,78.1337667696949,0,61.514640894,0.0175190927090061,NaN,5.54758607789168,NaN,,500.118935641897,8,250.003621904225
136,0,127.080051762,0,78.1190700195612,0,61.514640894,0.0172113556391725,NaN,5.54740454342838,NaN,,499.888423246991,8.00074845954052,250.003621904225
136.5,0,127.080051762,0,78.0621508846591,0,61.514640894,0.0170682401780598,NaN,5.54739505246691,NaN,,500.04275162226,7.99822509474432,250.003621904225
137,0,127.080051762,0,78.0426215097477,0,61.514640894,0.017000000923872,NaN,5.54729449237378,NaN,,499.891751065484,7.99778173995144,250.003621904225
137.5,0,127.080051762,0,78.0167358311171,0,61.514640894,0.0169931834227545,NaN,5.54771033094307,NaN,,500.031324623115,7.99867486228181,250.003621904225
138,0,127.080051762,0,77.981359847278,0,61.514640894,0.0169863034216268,NaN,5.54786404098685,NaN,,499.849762411363,7.99979577865919,250.003621904225
138.5,0,127.080051762,0,77.9438601062623,0,61.514640894,0.0168840753816819,NaN,5.54787981144194,NaN,,499.894902594444,8,250.003621904225
139,0,127.080051762,0,77.9136329529769,0,61.514640894,0.0166860083400374,NaN,5.54809141090459,NaN,,499.995982683333,8.00006830989679,250.003621904225
139.5,0,127.080051762,0,77.8880169896586,0,61.514640894,0.016345545722154,NaN,5.54814316508614,NaN,,499.958318121512,8,250.003621904225
140,0,127.080051762,0,77.8463931390038,0,61.514640894,0.0160680882711196,NaN,5.54826256118452,NaN,,499.940756784042,8.00129462407536,250.003621904225
140.5,0,127.080051762,0,77.81631990207,0,61.514640894,0.0160136224288586,NaN,5.54848221693018,NaN,,500.056040760839,8,250.003621904225
141,0,127.080051762,0,77.7893498033372,0,61.514640894,0.0160000007599592,NaN,5.54835813696255,NaN,,499.995435273492,8.00204364955213,250.003621904225
141.5,0,127.080051762,0,77.767627809589,0,61.514640894,0.0160000007599592,NaN,5.54874935972092,NaN,,499.973015993071,8,250.003621904225
142,0,127.080051762,0,77.7482119779198,0,61.514640894,0.0159795921264959,NaN,5.54836829273427,NaN,,499.98206609229,8,250.003621904225
142.5,0,127.080051762,0,77.7184736441996,0,61.514640894,0.0159317179073957,NaN,5.54835612023158,NaN,,499.920566053068,7.99959111286375,250.003621904225
143,0,127.080051762,0,77.7259627716545,0,61.514640894,0.0159112245516174,NaN,5.54818297405698,NaN,,499.975780681073,8.00064036004523,250.003621904225
143.5,0,127.080051762,0,77.6375246445812,0,61.514640894,0.0160000007599592,NaN,5.54912308088144,NaN,,491.255427541517,8.01000022888184,250.003621904225
144,NaN,127.080051762,NaN,NaN,NaN,61.514640894,NaN,NaN,NaN,NaN,,NaN,NaN,250.003621904225
144.5,0,127.080051762,NaN,NaN,0,61.514640894,NaN,NaN,NaN,NaN,,NaN,NaN,250.003621904225
145,0,127.080051762,NaN,NaN,0,61.514640894,NaN,NaN,NaN,NaN,,NaN,NaN,250.003621904225
145.5,0,127.080051762,NaN,NaN,0,61.514640894,NaN,NaN,NaN,NaN,,NaN,NaN,250.003621904225
146,0,127.080051762,NaN,NaN,0,61.514640894,NaN,NaN,NaN,NaN,,NaN,NaN,250.003621904225
146.5,0,127.080051762,NaN,NaN,0,61.514640894,NaN,NaN,NaN,NaN,,NaN,NaN,250.003621904225
147,0,127.080051762,NaN,NaN,0,61.514640894,NaN,NaN,NaN,NaN,,NaN,NaN,250.003621904225
147.5,0,127.080051762,NaN,NaN,0,61.514640894,NaN,NaN,NaN,NaN,,NaN,NaN,250.003621904225
148,0,127.080051762,NaN,NaN,0,61.514640894,NaN,NaN,NaN,NaN,,NaN,NaN,250.003621904225
148.5,0,127.080051762,NaN,NaN,0,61.514640894,NaN,NaN,NaN,NaN,,NaN,NaN,250.003621904225
149,0,127.080051762,NaN,NaN,0,61.514640894,NaN,NaN,NaN,NaN,,NaN,NaN,250.003621904225
149.5,0,127.080051762,NaN,NaN,0,61.514640894,NaN,NaN,NaN,NaN,,NaN,NaN,250.003621904225
150,0,127.080051762,NaN,NaN,0,61.514640894,NaN,NaN,NaN,NaN,,NaN,NaN,250.003621904225
150.5,0,127.080051762,NaN,NaN,0,61.514640894,NaN,NaN,NaN,NaN,,NaN,NaN,250.003621904225
151,0,127.080051762,NaN,NaN,0,61.514640894,NaN,NaN,NaN,NaN,,NaN,NaN,250.003621904225
151.5,0,127.080051762,NaN,NaN,0,61.514640894,NaN,NaN,NaN,NaN,,NaN,NaN,250.003621904225
152,0,127.080051762,NaN,NaN,0,61.514640894,NaN,NaN,NaN,NaN,,NaN,NaN,250.003621904225
152.5,0,127.080051762,NaN,NaN,0,61.514640894,NaN,NaN,NaN,NaN,,NaN,NaN,250.003621904225
153,0,127.080051762,NaN,NaN,0,61.514640894,NaN,NaN,NaN,NaN,,NaN,NaN,250.003621904225
153.5,0,127.080051762,NaN,NaN,0,61.514640894,NaN,NaN,NaN,NaN,,NaN,NaN,250.003621904225
154,0,127.080051762,NaN,NaN,0,61.514640894,NaN,NaN,NaN,NaN,,NaN,NaN,250.003621904225
154.5,0,127.080051762,NaN,NaN,0,61.514640894,NaN,NaN,NaN,NaN,,NaN,NaN,250.003621904225
155,0,127.080051762,NaN,NaN,0,61.514640894,NaN,NaN,NaN,NaN,,NaN,NaN,250.003621904225
155.5,0,127.080051762,NaN,NaN,0,61.514640894,NaN,NaN,NaN,NaN,,NaN,NaN,250.003621904225
156,0,127.080051762,NaN,NaN,0,61.514640894,NaN,NaN,NaN,NaN,,NaN,NaN,250.003621904225
156.5,0,127.080051762,NaN,NaN,0,61.514640894,NaN,NaN,NaN,NaN,,NaN,NaN,250.003621904225
157,0,127.080051762,NaN,NaN,0,61.514640894,NaN,NaN,NaN,NaN,,NaN,NaN,250.003621904225
157.5,0,127.080051762,NaN,NaN,0,61.514640894,NaN,NaN,NaN,NaN,,NaN,NaN,250.003621904225
158,0,127.080051762,NaN,NaN,0,61.514640894,NaN,NaN,NaN,NaN,,NaN,NaN,250.003621904225
158.5,0,127.080051762,NaN,NaN,0,61.514640894,NaN,NaN,NaN,NaN,,NaN,NaN,250.003621904225
159,0,127.080051762,NaN,NaN,0,61.514640894,NaN,NaN,NaN,NaN,,NaN,NaN,250.003621904225
159.5,0,127.080051762,NaN,NaN,0,61.514640894,NaN,NaN,NaN,NaN,,NaN,NaN,250.003621904225
160,0,127.080051762,NaN,NaN,0,61.514640894,NaN,NaN,NaN,NaN,,NaN,NaN,250.003621904225
160.5,0,127.080051762,NaN,NaN,0,61.514640894,NaN,NaN,NaN,NaN,,NaN,NaN,250.003621904225
161,0,127.080051762,NaN,NaN,0,61.514640894,NaN,NaN,NaN,NaN,,NaN,NaN,250.003621904225
161.5,0,127.080051762,NaN,NaN,0,61.514640894,NaN,NaN,NaN,NaN,,NaN,NaN,250.003621904225
162,0,127.080051762,NaN,NaN,0,61.514640894,NaN,NaN,NaN,NaN,,NaN,NaN,250.003621904225
162.5,0,127.080051762,NaN,NaN,0,61.514640894,NaN,NaN,NaN,NaN,,NaN,NaN,250.003621904225
163,0,127.080051762,NaN,NaN,0,61.514640894,NaN,NaN,NaN,NaN,,NaN,NaN,250.003621904225
163.5,0,127.080051762,NaN,NaN,0,61.514640894,NaN,NaN,NaN,NaN,,NaN,NaN,250.003621904225
164,0,127.080051762,NaN,NaN,0,61.514640894,NaN,NaN,NaN,NaN,,NaN,NaN,250.003621904225
164.5,0,127.080051762,NaN,NaN,0,61.514640894,NaN,NaN,NaN,NaN,,NaN,NaN,250.003621904225
165,0,127.080051762,NaN,NaN,0,61.514640894,NaN,NaN,NaN,NaN,,NaN,NaN,250.003621904225
165.5,0,127.080051762,NaN,NaN,0,61.514640894,NaN,NaN,NaN,NaN,,NaN,NaN,250.003621904225
166,0,127.080051762,NaN,NaN,0,61.514640894,NaN,NaN,NaN,NaN,,NaN,NaN,250.003621904225
166.5,0,127.080051762,NaN,NaN,0,61.514640894,NaN,NaN,NaN,NaN,,NaN,NaN,250.003621904225
167,0,127.080051762,NaN,NaN,0,61.514640894,NaN,NaN,NaN,NaN,,NaN,NaN,250.003621904225
167.5,0,127.080051762,NaN,NaN,0,61.514640894,NaN,NaN,NaN,NaN,,NaN,NaN,250.003621904225
