,Time (min),Date,Bioreactor 12 - CER,Bioreactor 12 - Off-gas CO2%,Bioreactor 12 - OUR,Bioreactor 12 - RQ,Bioreactor 12 - Volume
0,0.0,2018-07-30,,,,,105.13923500000001
1,30.0,2018-07-30,,,,,200.0
2,60.0,2018-07-30,,0.0279447076953117,,,200.0
3,90.0,2018-07-30,,0.0278615765953331,,,200.0
4,120.0,2018-07-30,,0.0273816168258176,,,200.0
5,150.0,2018-07-30,,0.026921486353624003,,,200.0
6,180.0,2018-07-30,,0.0264909396167185,,,200.0
7,210.0,2018-07-30,,0.0261395071584476,,,200.0
8,240.0,2018-07-30,,0.0260497558782918,,,200.0
9,270.0,2018-07-30,,0.0260213465400796,,,200.0
10,300.0,2018-07-30,,0.0260568752935107,,,200.0
11,330.0,2018-07-30,,0.0260213814593944,,,200.0
12,360.0,2018-07-30,,0.0260356032091664,,,200.0
13,390.0,2018-07-30,,0.0260022228441249,,,200.0
14,420.0,2018-07-30,,0.0260119828978648,,,200.0
15,450.0,2018-07-30,,0.0260141922054902,,,200.0
16,480.0,2018-07-30,,0.026014213872216,,,200.0
17,510.0,2018-07-30,,0.0260142008722139,,,200.0
18,540.0,2018-07-30,,0.026021385540086005,,,200.0
19,570.0,2018-07-31,,0.0260215025400774,,,200.0
20,600.0,2018-07-31,,0.0160669032781738,,,199.99593931850498
21,630.0,2018-07-31,,0.000957169378490881,,,199.98077499098
22,660.0,2018-07-31,,0.000236285092222939,,,199.96497631507802
23,690.0,2018-07-31,,0.000162552673011005,,,200.262636041664
24,720.0,2018-07-31,,1.56983356221292e-05,,,200.316735378442
25,750.0,2018-07-31,,0.0,,,200.318004055256
26,780.0,2018-07-31,,0.0,,,200.302228387436
27,810.0,2018-07-31,,0.0,,,200.286454194132
28,840.0,2018-07-31,,0.0,,,200.27541342674098
29,870.0,2018-07-31,,0.0,,,200.279681709597
30,900.0,2018-07-31,,0.0,,,200.26390566666
31,930.0,2018-07-31,,0.0,,,200.24813287992802
32,960.0,2018-07-31,,0.0,,,200.232360374975
33,990.0,2018-07-31,,0.0,,,200.21658371107398
34,1020.0,2018-07-31,,0.0,,,200.20080796175898
35,1050.0,2018-07-31,,0.0,,,200.18503509840198
36,1080.0,2018-07-31,,0.0,,,200.169257743783
37,1110.0,2018-07-31,,0.0,,,200.15348232000198
38,1140.0,2018-07-31,,0.0,,,200.13771014618698
39,1170.0,2018-07-31,,0.0,,,200.127281966855
40,1200.0,2018-07-31,,0.0,,,200.111769753689
41,1230.0,2018-07-31,,0.0,,,200.095991524685
42,1260.0,2018-07-31,,0.0,,,200.080543732117
43,1290.0,2018-07-31,,0.0,,,200.088912772748
44,1320.0,2018-07-31,,0.0,,,200.073132134353
45,1350.0,2018-07-31,,0.0,,,200.057354433764
46,1380.0,2018-07-31,,0.0,,,200.041579549035
47,1410.0,2018-07-31,,0.0,,,200.025802780649
48,1440.0,2018-07-31,,0.0,,,200.01002641024502
49,1470.0,2018-07-31,,0.0,,,199.994250337496
50,1500.0,2018-07-31,,0.0,,,199.97847299418203
51,1530.0,2018-07-31,,0.0,,,199.962691209342
52,1560.0,2018-07-31,,0.0,,,199.946911241001
53,1590.0,2018-07-31,,0.0,,,199.931132304621
54,1620.0,2018-07-31,,0.0,,,199.915354282829
55,1650.0,2018-07-31,,0.0,,,199.899581084152
56,1680.0,2018-07-31,,0.0,,,199.883801865549
57,1710.0,2018-07-31,,0.0,,,199.86802325405202
58,1740.0,2018-07-31,,0.0,,,199.852241919644
59,1770.0,2018-07-31,,0.0,,,199.836464353319
60,1800.0,2018-07-31,,0.0,,,199.822529756233
61,1830.0,2018-07-31,,0.0,,,199.828768982869
62,1860.0,2018-07-31,,0.0,,,199.812991012943
63,1890.0,2018-07-31,,0.0,,,199.79721116126998
64,1920.0,2018-07-31,,0.0,,,199.78142774258
65,1950.0,2018-07-31,,0.0,,,199.765651097776
66,1980.0,2018-07-31,,0.0,,,199.74987690011002
67,2010.0,2018-08-01,,0.0,,,199.734102092957
68,2040.0,2018-08-01,,0.0,,,199.71832853620202
69,2070.0,2018-08-01,,0.0,,,199.702553391209
70,2100.0,2018-08-01,,0.0,,,199.686779005622
71,2130.0,2018-08-01,,0.0,,,199.671004116554
72,2160.0,2018-08-01,,0.0,,,199.65522746103198
73,2190.0,2018-08-01,,0.0,,,199.63945493774202
74,2220.0,2018-08-01,,0.0,,,199.623682396431
75,2250.0,2018-08-01,,0.0,,,199.607908241418
76,2280.0,2018-08-01,,0.0,,,199.592133710019
77,2310.0,2018-08-01,,0.0,,,199.576358304349
78,2340.0,2018-08-01,,0.0,,,199.560589918256
79,2370.0,2018-08-01,,0.0,,,199.54482049150903
80,2400.0,2018-08-01,,0.0,,,199.529043861949
81,2430.0,2018-08-01,,0.0,,,199.51326684971698
82,2460.0,2018-08-01,,0.0,,,199.49748845634102
83,2490.0,2018-08-01,,0.0,,,199.481712322314
84,2520.0,2018-08-01,,0.0,,,199.46594041883202
85,2550.0,2018-08-01,,0.0,,,199.45016778891997
86,2580.0,2018-08-01,0.009336979057995909,0.000331851336102449,,,200.198860314868
87,2610.0,2018-08-01,0.0184946985112331,0.00307388685450235,,,202.82625894571999
88,2640.0,2018-08-01,0.0012703760918710099,0.013889953060288,,,203.16951630201598
89,2670.0,2018-08-01,0.0667712503141394,0.0182590662606074,3.15843570503959,0.163924324479724,203.186848015529
90,2700.0,2018-08-01,0.0899892200240895,0.00331406871094804,,,203.083274588708
91,2730.0,2018-08-01,0.0657247268349035,0.00241771012919261,,,201.340917255736
92,2760.0,2018-08-01,0.0815883898620131,0.00300000002607703,,,201.27747165028802
93,2790.0,2018-08-01,0.0402309985391886,0.00275440818257437,,,201.223915471908
94,2820.0,2018-08-01,0.0460219855452886,0.007250970752280059,,,199.635100582373
95,2850.0,2018-08-01,0.0801455331521703,0.0117961368568923,,,199.4488588095
96,2880.0,2018-08-01,0.107454589986845,0.0158146936932995,,,199.432681382802
97,2910.0,2018-08-01,0.12881651482769502,0.0190875935505802,,,197.936145323946
98,2940.0,2018-08-01,0.1451671568455,0.0213607038932797,,,197.66002597456298
99,2970.0,2018-08-01,0.164102695362769,0.0241356141794007,,,197.64357724403
100,3000.0,2018-08-01,0.174715454428893,0.025805729175375998,,,196.439426692128
101,3030.0,2018-08-01,0.18337007376392897,0.0269753394761456,,,195.87050325538002
102,3060.0,2018-08-01,0.19115587316706698,0.0281222585766844,,,195.853905647476
103,3090.0,2018-08-01,0.200433863808464,0.0294930360947521,,,195.837277199851
104,3120.0,2018-08-01,0.20736082020089605,0.0305045843429483,,,194.70581929802398
105,3150.0,2018-08-01,0.21591164604649696,0.0317669776881356,,,194.06390967915297
106,3180.0,2018-08-01,0.23012303714949,0.033852744972815,,,194.047160023801
107,3210.0,2018-08-01,0.248790138417608,0.0366066060934463,,,194.030341552456
108,3240.0,2018-08-01,0.265434314103514,0.0390459126238747,,,194.01344460309
109,3270.0,2018-08-01,0.283170274726155,0.0414493334068047,,,192.973826768772
110,3300.0,2018-08-01,0.309735796509646,0.0455691155347713,,,192.23940623893
111,3330.0,2018-08-01,0.344647212244097,0.0507099181105686,,,192.222202931524
112,3360.0,2018-08-01,0.39005788676967607,0.0573707627447299,,,192.20482692631802
113,3390.0,2018-08-01,0.45039318985900395,0.0662686846379491,,,192.187216904017
114,3420.0,2018-08-01,0.5218503581645201,0.0762217755177054,,,191.279007355201
115,3450.0,2018-08-02,0.617305543755623,0.0908573357504705,1.0083551317135,0.6627017375812421,190.411071967312
116,3480.0,2018-08-02,0.7348179095491241,0.108117874044996,1.10259398830906,0.666693640001148,190.39415979943803
117,3510.0,2018-08-02,0.8792345934324859,0.12937993948402002,1.25764070155702,0.6989211104697091,190.378624398259
118,3540.0,2018-08-02,1.0375612708121,0.15264729640449698,1.45798800187671,0.7120558138955699,190.377978304165
119,3570.0,2018-08-02,1.24739671578478,0.18175727662410798,1.6950948714254201,0.7363777177310319,189.872202855516
120,3600.0,2018-08-02,1.42005614659228,0.20907112244021803,1.96214278298329,0.7237274846916559,188.66590233641202
121,3630.0,2018-08-02,1.7892011633628002,0.26333201845145604,2.3350617145778303,0.765928692326601,188.652079266671
122,3660.0,2018-08-02,2.18109536792621,0.32107439637921004,2.79392936978394,0.7808395013434191,188.65182914059503
123,3690.0,2018-08-02,2.6131869976618702,0.38463864164533,3.40758192609971,0.766027282555477,188.696098658502
124,3720.0,2018-08-02,3.2464390520451802,0.473901643564902,4.07822675921199,0.798287088446499,188.297103284143
125,3750.0,2018-08-02,3.59815857916888,0.5299857178123439,4.59973223074981,0.782378063296282,187.02148853279
126,3780.0,2018-08-02,3.89165901426209,0.5732134746124681,4.8318340681242,0.8053787632568629,187.063155391512
127,3810.0,2018-08-02,4.03662276596001,0.594920604951067,5.294054593302519,0.761141460789327,187.13321236110298
128,3840.0,2018-08-02,4.764909913764231,0.7022042875882,5.993761600460559,0.7956019659468471,187.18394776656
129,3870.0,2018-08-02,5.53713166412819,0.802506783175672,6.68088943126122,0.826139163216377,186.88884282426997
130,3900.0,2018-08-02,5.583031822267361,0.822077425162573,6.51745358021585,0.857211707257341,185.51202374403198
131,3930.0,2018-08-02,5.948295368905059,0.876371416254884,7.0844912328513,0.8398744769368559,185.58817954112598
132,3960.0,2018-08-02,6.03789085803987,0.890043907336969,7.315452529183361,0.825353154356011,185.65087551811402
133,3990.0,2018-08-02,6.122270479135821,0.9023468575848491,7.4594455187966,0.8206993510301541,185.72429471562901
134,4020.0,2018-08-02,6.182859595383719,0.90059537476659,7.593736080399151,0.8138817698289549,185.555909016479
135,4050.0,2018-08-02,6.17532830058509,0.908375031894936,7.61992881141222,0.8102802703713059,184.114742602759
136,4080.0,2018-08-02,6.316717488791139,0.931088356182122,7.75507603721705,0.814532318704569,184.17125056334203
137,4110.0,2018-08-02,6.402831472966349,0.943991949710456,7.84675154394423,0.8159958383439421,184.230388257316
138,4140.0,2018-08-02,6.3844928905631795,0.932905526446297,7.798770582556941,0.8184814319363009,184.13477681138198
139,4170.0,2018-08-02,6.3197255853582694,0.924164414914327,7.757686014464821,0.8142562295126089,182.63174535885602
140,4200.0,2018-08-02,6.446787928801191,0.949980144772883,7.837964491680419,0.822513848501751,182.700649222887
141,4230.0,2018-08-02,6.38816808129678,0.94143935185424,7.65551526503332,0.834544422308727,182.766142569445
142,4260.0,2018-08-02,6.33235997193538,0.9327700139089949,7.6178388764721205,0.8313372695798291,182.76790742048598
143,4290.0,2018-08-02,6.27958565264397,0.915037466484526,7.608855621745599,0.8261126300867809,181.15516639993402
144,4320.0,2018-08-02,6.329409000449849,0.932938785160258,7.68171147827817,0.823960892233603,181.22247992060102
145,4350.0,2018-08-02,6.382476193347241,0.940516219912003,7.74839849714424,0.8237259219070641,181.295415685241
146,4380.0,2018-08-02,6.41206090564095,0.944912467318957,7.821850062001049,0.8197679901592491,181.364939874973
147,4410.0,2018-08-02,6.335733203319791,0.9200455299106329,7.77394689756017,0.8155067574940931,179.719930561344
148,4440.0,2018-08-02,6.38069485527312,0.940529806879683,7.846110628702519,0.8132345142322551,179.75786940527803
149,4470.0,2018-08-02,6.400133143934539,0.9434390037339279,7.907561535071,0.809379905553997,179.825508369516
150,4500.0,2018-08-02,6.40927778366503,0.944712178249799,7.91816541899974,0.809444656290731,179.893256643283
151,4530.0,2018-08-02,6.34393168476684,0.921552599619948,7.7851695685043,0.815461193472484,178.344662704112
152,4560.0,2018-08-02,6.3701854285023,0.939167817832634,7.82370913755947,0.8142253103650949,178.284164349843
153,4590.0,2018-08-02,6.38889758063437,0.9416928549152529,7.80344522621089,0.818729356903104,178.348228970001
154,4620.0,2018-08-02,6.4181136048012695,0.945963365599855,7.8107417003308,0.8217054461954759,178.398458670584
155,4650.0,2018-08-02,6.37059207654557,0.926665388193164,7.7115934222560405,0.826489810657137,176.933741192632
156,4680.0,2018-08-02,6.41659692445569,0.945578152398365,7.7643438100088895,0.8264252459530659,176.784226545667
157,4710.0,2018-08-02,6.4324589649950195,0.947961398391817,7.761000206046259,0.828821076187128,176.85322819869498
158,4740.0,2018-08-02,6.4792243558335105,0.954763227708886,7.783324420469509,0.832459371278092,176.920239569897
159,4770.0,2018-08-02,6.51921370024149,0.9606425929836451,7.82478713080842,0.8331543654630209,176.98465420591597
160,4800.0,2018-08-02,6.563599865073219,0.967204359498515,7.826547759548321,0.8386341553334961,177.04811158363998
161,4830.0,2018-08-02,6.603396081589629,0.9608307039379029,7.766565313158329,0.851342123466703,175.66436509266202
162,4860.0,2018-08-02,6.5857421738044595,0.9703269112686479,7.844506399740349,0.839544874282166,175.421618334696
163,4890.0,2018-08-03,6.61846678739797,0.9751443163692529,7.86821391981602,0.841169983901542,175.48362283474603
164,4920.0,2018-08-03,6.66419785912429,0.9818084065272729,7.9043743848167,0.8431068664246709,175.54471075480203
165,4950.0,2018-08-03,6.70227936583837,0.987501975710904,7.9272847505599495,0.845473749820606,175.607711021296
166,4980.0,2018-08-03,6.73781788071497,0.992678288453092,7.93594598222642,0.8490311200335211,175.67006770852402
167,5010.0,2018-08-03,6.68145696019701,0.974592456834048,7.86233049924782,0.8520320415770949,174.39184974505798
168,5040.0,2018-08-03,6.74517744965189,0.993837090850092,7.90469353005486,0.853319795103258,174.05314846988702
169,5070.0,2018-08-03,6.7892150943025396,0.9998835075084542,7.95083881304784,0.853904839795015,174.118739103925
170,5100.0,2018-08-03,6.82947206801012,1.00598034600901,7.981119205951741,0.8557103527584329,174.182193792089
171,5130.0,2018-08-03,6.86700918644198,1.01155731158362,8.010229611532559,0.8572869605163801,174.242715753195
172,5160.0,2018-08-03,6.92281402363675,1.01961082271671,8.0471833554425,0.8602809519477901,174.304135209069
173,5190.0,2018-08-03,6.94314228113767,1.02264135220321,8.068841571203821,0.860491169431674,174.368430695024
174,5220.0,2018-08-03,6.98858392415982,1.02936517346723,8.09859345622256,0.8629437536245859,174.427918266178
175,5250.0,2018-08-03,7.031531032043481,1.03596449157928,8.14262721827713,0.863553824030014,174.485779741492
176,5280.0,2018-08-03,7.08057775171868,1.04301592372867,8.1669083878653,0.866991038238874,174.542189581683
177,5310.0,2018-08-03,7.11675817405744,1.04827998027147,8.179547656628559,0.870080112903703,174.600473861408
178,5340.0,2018-08-03,7.174528327388869,1.05687610308961,8.21947191362491,0.872888062442498,174.657627192022
179,5370.0,2018-08-03,7.237184273100481,1.06618588245064,8.279417628630402,0.874126471704533,174.714049348698
180,5400.0,2018-08-03,7.289983359685531,1.07373922835676,8.33648852935902,0.87447843679621,174.769898191536
181,5430.0,2018-08-03,7.35912902523751,1.08427543755976,8.4329590358038,0.872664436857425,174.82737724640302
182,5460.0,2018-08-03,7.447864605358809,1.0972661370652599,8.548441301786621,0.8712641814555641,174.89059803674
183,5490.0,2018-08-03,7.52926424888305,1.1091089699513301,8.62369710475627,0.8731032701695721,174.94781953310397
184,5520.0,2018-08-03,7.63170260877985,1.12436338469701,8.698014073932299,0.8774145051748009,175.006496265398
185,5550.0,2018-08-03,7.7041204120975495,1.13493235283804,8.76714779770924,0.87875378072355,175.06986473589401
186,5580.0,2018-08-03,7.791753942725,1.14766912751957,8.79428431776142,0.8860108108377149,175.12690564366798
187,5610.0,2018-08-03,7.8643811798502,1.15804996070834,8.77700107100437,0.896032092607664,175.17996288271
188,5640.0,2018-08-03,7.934811909139889,1.1685703902881799,8.746963840864401,0.907157008371428,175.231831129021
189,5670.0,2018-08-03,8.02428550586423,1.1814798795955301,8.76618897234193,0.9153800532920051,175.284189613721
190,5700.0,2018-08-03,8.147362972700371,1.1995543487831002,8.79970852302477,0.9258747535535659,175.332076139276
191,5730.0,2018-08-03,8.2686524697612,1.21691569165546,8.880572196683211,0.9310980807950501,175.382359220326
192,5760.0,2018-08-03,8.37880669614841,1.2335367925056002,8.97602902581248,0.933472017630283,175.432517614406
193,5790.0,2018-08-03,8.513641348576291,1.2533684442568,9.077622883337211,0.9378749593285071,175.483687215927
194,5820.0,2018-08-03,8.64058140132398,1.2716742106736298,9.169037555025369,0.942376627980869,175.53941070002702
195,5850.0,2018-08-03,8.78228644765679,1.2922938531519599,9.29870552673416,0.9444655935201949,175.596279811889
196,5880.0,2018-08-03,8.967145355064869,1.32016025705408,9.45358894888183,0.9485480791952579,175.64203795168203
197,5910.0,2018-08-03,9.133157438735571,1.34431690538667,9.60991720081794,0.9503895251202041,175.693504949262
198,5940.0,2018-08-03,9.29185642824611,1.367602036072,9.77001228486226,0.9510671500255291,175.745681959243
199,5970.0,2018-08-03,9.48174753109762,1.39548584321918,9.93078740743282,0.9547893312648229,175.79383520215802
200,6000.0,2018-08-03,9.67830890003251,1.42395716886583,10.122841224718599,0.9560943118295849,175.84591191715
201,6030.0,2018-08-03,9.85950699246112,1.45141523143969,10.2914538639646,0.95803212718693,175.90277324935298
202,6060.0,2018-08-03,10.061440667155802,1.48042394691982,10.4747557549691,0.960548437107522,175.964289532188
203,6090.0,2018-08-03,10.262734766941099,1.51058706514445,10.6755299685901,0.961330905520823,176.025319004778
204,6120.0,2018-08-03,10.4774984159354,1.54192905992999,10.882018982562098,0.962823782949691,176.08277988123
205,6150.0,2018-08-03,10.7032807059636,1.5752290030115101,11.0929341073266,0.9648800076482791,176.14194417768903
206,6180.0,2018-08-03,10.942770536968698,1.6102700860726002,11.303573018211802,0.968092237407114,176.19999468620702
207,6210.0,2018-08-03,11.203161799918302,1.6488263586015501,11.540454072853901,0.970792911286627,176.259282989854
208,6240.0,2018-08-03,11.469909538043302,1.68805909651528,11.8007040875647,0.97197468979655,176.31723380034302
209,6270.0,2018-08-03,11.7405016933641,1.72766643460675,12.0605122166572,0.9734635753118409,176.378874124287
210,6300.0,2018-08-03,12.0339465294717,1.77037729026384,12.3288974551283,0.9760693891572181,176.440950852096
211,6330.0,2018-08-04,12.3263585654339,1.81314248315256,12.6223225705954,0.97654572585613,176.51471113862598
212,6360.0,2018-08-04,12.632543328651199,1.85889138254273,12.912024229141199,0.978364526448436,176.57729516592
213,6390.0,2018-08-04,12.9862752834324,1.9106916482621898,13.254824957273,0.9797486239335409,176.636335302226
214,6420.0,2018-08-04,13.329745571395499,1.9609973795447702,13.5836208547119,0.9813228782814292,176.70019705858502
215,6450.0,2018-08-04,13.605460726775501,2.00174825962872,13.967558271682101,0.974184757224523,176.767544631817
216,6480.0,2018-08-04,13.8916601673629,2.04405370898021,14.2872894667719,0.972277632252229,176.843242703511
217,6510.0,2018-08-04,14.4172730302731,2.12107464871898,14.641396936305302,0.9847034333388031,176.911897051907
218,6540.0,2018-08-04,14.8423496846452,2.1835984561807598,15.0693548991956,0.984933223286117,176.977649968952
219,6570.0,2018-08-04,15.270837192586901,2.24649784960568,15.5106212144531,0.984538938744937,177.04658626209
220,6600.0,2018-08-04,15.722984169662302,2.31308147876488,15.939158124422299,0.9864355135229829,177.137223863363
221,6630.0,2018-08-04,16.2024832222135,2.38415606089743,16.388015159824,0.988681760962205,177.23182233661097
222,6660.0,2018-08-04,16.643634642070502,2.4487548545822797,16.8345646164096,0.9886467510296659,177.325798984193
223,6690.0,2018-08-04,17.1254540811852,2.51960699520943,17.306052857667197,0.989564137746619,177.396412646569
224,6720.0,2018-08-04,17.6274364168853,2.59388774348546,17.7665012374278,0.9921797035468359,177.469579581136
225,6750.0,2018-08-04,18.1357012838687,2.6685022919898302,18.262208257223197,0.993074418782095,177.545125380664
226,6780.0,2018-08-04,18.6095673361509,2.7373914552237,18.7530664295386,0.9923496602180221,177.62366010018502
227,6810.0,2018-08-04,19.1411178325737,2.8153625182807898,19.2216770631705,0.9958076413893171,177.701879981764
228,6840.0,2018-08-04,19.6178032452967,2.88600378339181,19.6725927615126,0.997216824493278,177.78627821421298
229,6870.0,2018-08-04,20.0328311289508,2.94628127212939,20.1084423899032,0.99625585143773,177.874581749114
230,6900.0,2018-08-04,20.505768202516002,3.0156021671583395,20.4780109222852,1.0013698844735799,177.974565366441
231,6930.0,2018-08-04,20.805578341832103,3.05953798748313,20.723767460127803,1.00396747334452,178.060188373437
232,6960.0,2018-08-04,20.594716584176897,3.02711769210639,20.282277353538397,1.01544264598843,178.12923926318
233,6990.0,2018-08-04,19.5572201867323,2.87567505138259,19.459091449120397,1.0050986215561801,178.19557205603198
234,7020.0,2018-08-04,18.9703829678741,2.78989282606098,18.926005309439198,1.00234851747668,178.252764325875
235,7050.0,2018-08-04,18.555426508882398,2.7289619519616606,18.644181780792998,0.9952472440525719,178.384909647749
236,7080.0,2018-08-04,18.248036285339698,2.68388177520108,18.373135762459103,0.993184958179016,178.482770688971
237,7110.0,2018-08-04,17.933600854897698,2.63794615259035,18.0934730064387,0.9911726545771429,178.556244318335
238,7140.0,2018-08-04,17.683631909423102,2.60159020918438,17.838835780119897,0.991302976061279,178.634178192351
239,7170.0,2018-08-04,17.439586720936,2.5654728787538903,17.622169645225803,0.989644662623479,178.704314348988
240,7200.0,2018-08-04,17.2232694978351,2.5345521744437303,17.4233415707198,0.98851956591409,178.77257462578999
241,7230.0,2018-08-04,17.0428377493701,2.5064104077182203,17.2468627973712,0.9881780757132529,178.841241608405
242,7260.0,2018-08-04,16.867210846668,2.48214525068988,17.0600912444783,0.988701063900342,178.908615933211
243,7290.0,2018-08-04,16.6895649860318,2.4555430569648102,16.885918089435002,0.9883768082740619,178.97338350486802
244,7320.0,2018-08-04,16.5295684584025,2.4326345625010095,16.7076286927055,0.9893470873283828,179.039595823501
245,7350.0,2018-08-04,16.3688463727593,2.4083317994974704,16.5522633669683,0.988924190471312,179.100710304016
246,7380.0,2018-08-04,16.2310302395336,2.38845074124541,16.3965627781835,0.9899073045810831,179.170754722643
247,7410.0,2018-08-04,15.985240416600199,2.35186001595256,16.3090457336006,0.9802104755784791,179.256160438234
248,7440.0,2018-08-04,16.010757087020398,2.3547472492434203,16.0945884457389,0.994831848397669,179.307050063909
249,7470.0,2018-08-04,15.789961015770599,2.32322814873172,15.955342242505699,0.989697092088944,179.408999960684
250,7500.0,2018-08-04,15.6947017590254,2.30894269249488,15.8470406519454,0.990508772569984,179.521492447096
251,7530.0,2018-08-04,15.5794214647871,2.2911674749483,15.669696187796301,0.9943429697807379,179.612634368296
252,7560.0,2018-08-04,15.165234028951302,2.23253405229025,15.7414479999485,0.9638630004317079,179.711984260914
253,7590.0,2018-08-04,15.6123710176531,2.29540815974296,15.332788126743699,1.01823834668405,179.705302792531
254,7620.0,2018-08-04,15.018861105352002,2.21045901759876,15.4598693256912,0.9719909809881009,179.83696755008498
255,7650.0,2018-08-04,15.283723150906,2.24681029659523,15.0361224693153,1.01646028266436,179.90500868996398
256,7680.0,2018-08-04,14.9749450448875,2.20117655092171,14.7245251738337,1.0170333843764,182.838857681615
257,7710.0,2018-08-04,14.5537942823222,2.13994480404897,14.2921921453213,1.01829642341945,187.777930422214
258,7740.0,2018-08-04,13.990797590614,2.05764304243263,13.7949796440075,1.0141797926626,192.71983032303902
259,7770.0,2018-08-05,13.3805057117053,1.96758480108448,13.232073571406099,1.01120679889396,197.661237178129
260,7800.0,2018-08-05,12.673467692039301,1.8636910778745601,12.5568897811021,1.0092613175603298,202.603939756638
261,7830.0,2018-08-05,11.853298314581,1.7431930051569098,11.757981773124099,1.00812311734923,207.54849688493698
262,7860.0,2018-08-05,10.909073930187098,1.60435411507044,10.7996513115383,1.0101684270448499,212.495837306161
263,7890.0,2018-08-05,9.929014503014141,1.46017151136464,9.80172749873278,1.0130309032062,217.439105588492
264,7920.0,2018-08-05,8.980959602003301,1.32033940034664,8.76151412367207,1.02519307218117,222.38507836369598
265,7950.0,2018-08-05,8.00206234416718,1.17656478067689,7.68609529783389,1.0413308944494,227.3334912952
266,7980.0,2018-08-05,7.180021621955251,1.05540326778788,6.72334709668443,1.06835049110288,232.282159388705
267,8010.0,2018-08-05,6.54855454907774,0.9623702300490071,5.946642381596731,1.10141098910535,237.232154644884
268,8040.0,2018-08-05,5.82009562396818,0.855014743399946,5.3098456946429,1.0959108289966701,242.17778387757005
269,8070.0,2018-08-05,5.13492275302355,0.7549339477217349,4.7579527316624,1.07914083926671,247.12832982590302
270,8100.0,2018-08-05,4.592311423846559,0.6753102350631811,4.29502503648717,1.06923077594743,250.006145523915
271,8130.0,2018-08-05,4.14714195116157,0.6096673144741379,3.90796614193219,1.06118921199298,250.002826571079
272,8160.0,2018-08-05,3.7671801392648603,0.553928760765574,3.5778039798933,1.0529009190086,249.981621982645
273,8190.0,2018-08-05,3.44285293244587,0.506253387066927,3.27393657590622,1.05172834693829,249.960971405925
274,8220.0,2018-08-05,3.16832844625633,0.46593552576049396,2.9969362753075295,1.0572674029101,249.94068723856003
275,8250.0,2018-08-05,2.93611444469262,0.43169674834733,2.7259340792282303,1.0774717130171099,249.92066442510298
276,8280.0,2018-08-05,2.7342731057976497,0.402049131981805,2.4261144210213796,1.12759819464432,249.900669988746
277,8310.0,2018-08-05,2.56322133853305,0.37675498840197796,2.12561030229206,1.20755269190642,249.88055399586202
278,8340.0,2018-08-05,2.41573746474971,0.35492643347834496,1.8064947526328201,1.33784293742039,249.860070777163
279,8370.0,2018-08-05,2.28754695685786,0.3361636891209289,1.68928321921615,1.35453504448326,249.83953893217003
280,8400.0,2018-08-05,2.17190937014436,0.319034129550552,1.55409169615631,1.3979946728839499,249.81913765676003
281,8430.0,2018-08-05,2.06517034983625,0.303454095187374,1.4536026015033898,1.4211303276610499,249.798841378673
282,8460.0,2018-08-05,1.96627371881715,0.28886897915024895,1.33859408701244,1.4693802321468898,249.77865841067
283,8490.0,2018-08-05,1.87656145340521,0.275747153075325,1.2528406936486,1.49801785607758,249.758552685589
284,8520.0,2018-08-05,1.78871728221919,0.26284472177911,1.16426352583763,1.5370312227156002,249.738592927145
285,8550.0,2018-08-05,1.7069923238150302,0.25083805767666395,1.0778616282155,1.58408502960701,249.718699030962
286,8580.0,2018-08-05,1.62157191347736,0.238273522917142,1.0206060846276899,1.60346217615578,249.69845429624402
287,8610.0,2018-08-05,1.54769883306501,0.227503456361315,,,249.676119410492
288,8640.0,2018-08-05,1.47487510692398,0.216752944629352,,,249.653696607841
289,8670.0,2018-08-05,1.4034709151202198,0.20624659916324803,,,249.63159315117997
290,8700.0,2018-08-05,1.3345527353133602,0.19612356256188299,,,249.60979378101501
291,8730.0,2018-08-05,1.27160153042507,0.18685165605930398,,,249.588280999003
292,8760.0,2018-08-05,1.20980229520539,0.17779915608587998,,,249.567047868016
293,8790.0,2018-08-05,1.15230823923266,0.169348773229114,,,249.546074202616
294,8820.0,2018-08-05,1.09671298932557,0.161162354278329,,,249.525346949528
295,8850.0,2018-08-05,1.04339846385914,0.15332318435003697,,,249.50486260377602
296,8880.0,2018-08-05,0.9943014858768879,0.146086537122191,,,249.484600296987
297,8910.0,2018-08-05,0.9487712165679572,0.139426077976407,,,249.464544265775
298,8940.0,2018-08-05,0.904882419062417,0.132994500396876,,,249.444689969356
299,8970.0,2018-08-05,0.865497488254979,0.12721662035165,,,249.425017704996
300,9000.0,2018-08-05,0.827362337659173,0.121554352964244,,,249.405513357617
301,9030.0,2018-08-05,0.7911213742286619,0.11625831937752198,,,249.386166660605
302,9060.0,2018-08-05,0.75819002982517,0.11145227566319502,,,249.36698192250302
303,9090.0,2018-08-05,0.7255258800701159,0.106663899341448,,,249.34794012490502
304,9120.0,2018-08-05,0.696588672196365,0.102420679450395,,,249.329037084194
305,9150.0,2018-08-05,0.669059023041527,0.0983226870628167,,,249.31025841191
306,9180.0,2018-08-05,0.6405403340819829,0.0941515002498891,,,249.29159861275002
307,9210.0,2018-08-06,0.615071419576303,0.0904108326409582,,,249.273055652538
308,9240.0,2018-08-06,0.592822354143959,0.0871290146529851,,,249.254616738619
309,9270.0,2018-08-06,0.569037946424189,0.0836452542025173,,,249.23628342750098
310,9300.0,2018-08-06,0.548197662734774,0.0805713247465375,,,249.218045943666
311,9330.0,2018-08-06,0.527072546853352,0.0774700585894844,,,249.19989787246
312,9360.0,2018-08-06,0.5074145319644129,0.0745864793188033,,,249.18184209434898
313,9390.0,2018-08-06,0.48915525910850005,0.0719144929714078,,,249.163872114599
314,9420.0,2018-08-06,0.47060705157060795,0.0691630826889632,,,249.145981950014
315,9450.0,2018-08-06,0.453001059587809,0.0665954602338829,,,249.128171186027
316,9480.0,2018-08-06,0.437352504164074,0.0643084949390188,,,249.11043109172698
317,9510.0,2018-08-06,0.421780639107743,0.0620052244106003,,,249.09276511067299
318,9540.0,2018-08-06,0.40639662580195396,0.059723055045002,,,249.07516239118303
319,9570.0,2018-08-06,0.3925644455682321,0.0576999916330989,,,249.057621788288
320,9600.0,2018-08-06,0.379436882181099,0.0557779640158571,,,249.040142546417
321,9630.0,2018-08-06,0.36480440588746704,0.0536178052574671,,,249.02272166951198
322,9660.0,2018-08-06,0.353326847967409,0.0519433755225549,,,249.005360975388
323,9690.0,2018-08-06,0.34027835731424705,0.0500433335449749,,,248.988059199648
324,9720.0,2018-08-06,0.32989128224019704,0.048497566984658,,,248.97080976460498
325,9750.0,2018-08-06,0.317356934400555,0.0466524577475434,,,248.953605549617
326,9780.0,2018-08-06,0.310563978155183,0.0458641850357979,,,248.938809031133
327,9810.0,2018-08-06,,,,,248.93687652414903
328,9840.0,2018-08-06,,,,,248.936875138678
329,9870.0,2018-08-06,,,,,248.936873303294
330,9900.0,2018-08-06,,,,,248.936873303294
331,9930.0,2018-08-06,,,,,248.936873303294
332,9960.0,2018-08-06,,,,,248.936873303294
333,9990.0,2018-08-06,,,,,248.936873303294
334,10020.0,2018-08-06,,,,,248.936873303294
335,10050.0,2018-08-06,,,,,248.936873303294
336,10080.0,2018-08-06,,,,,248.936873303294
337,10110.0,2018-08-06,,,,,248.936873303294
338,10140.0,2018-08-06,,,,,248.936873303294
339,10170.0,2018-08-06,,,,,248.936873303294
340,10200.0,2018-08-06,,,,,248.936873303294
341,10230.0,2018-08-06,,,,,248.936873303294
342,10260.0,2018-08-06,,,,,248.936873303294
343,10290.0,2018-08-06,,,,,248.936873303294
344,10320.0,2018-08-06,,,,,248.936873303294
345,10350.0,2018-08-06,,,,,248.936873303294
346,10380.0,2018-08-06,,,,,248.936873303294
347,10410.0,2018-08-06,,,,,248.936873303294
348,10440.0,2018-08-06,,,,,248.936873303294
349,10470.0,2018-08-06,,,,,248.936873303294
350,10500.0,2018-08-06,,,,,248.936873303294
351,10530.0,2018-08-06,,,,,248.936873303294
352,10560.0,2018-08-06,,,,,248.936873303294
353,10590.0,2018-08-06,,,,,248.936873303294
354,10620.0,2018-08-06,,,,,248.936873303294
355,10650.0,2018-08-07,,,,,248.936873303294
356,10680.0,2018-08-07,,,,,248.936873303294
357,10710.0,2018-08-07,,,,,248.936873303294
358,10740.0,2018-08-07,,,,,248.936873303294
359,10770.0,2018-08-07,,,,,248.936873303294
360,10800.0,2018-08-07,,,,,248.936873303294
361,10830.0,2018-08-07,,,,,248.936873303294
362,10860.0,2018-08-07,,,,,248.936873303294
363,10890.0,2018-08-07,,,,,248.936873303294
364,10920.0,2018-08-07,,,,,248.936873303294
365,10950.0,2018-08-07,,,,,248.936873303294
366,10980.0,2018-08-07,,,,,248.936873303294
367,11010.0,2018-08-07,,,,,248.936873303294
368,11040.0,2018-08-07,,,,,248.936873303294
369,11070.0,2018-08-07,,,,,248.936873303294
370,11100.0,2018-08-07,,,,,248.936873303294
371,11130.0,2018-08-07,,,,,248.936873303294
372,11160.0,2018-08-07,,,,,248.936873303294
373,11190.0,2018-08-07,,,,,248.936873303294
374,11220.0,2018-08-07,,,,,248.936873303294
