,Time (min),Date,Bioreactor 13 - CER,Bioreactor 13 - Feed#1 flow rate,Bioreactor 13 - Off-gas CO2%,Bioreactor 13 - OUR,Bioreactor 13 - RQ,Bioreactor 13 - Volume
0,0.0,2018-07-30,,0.0,,,,100.0
1,30.0,2018-07-30,,0.0,,,,100.0
2,60.0,2018-07-30,,0.0,0.0149928418379943,,,100.0
3,90.0,2018-07-30,,0.0,0.014991271900324,,,100.0
4,120.0,2018-07-30,,0.0,0.0145930645647745,,,100.0
5,150.0,2018-07-30,,0.0,0.0140480247286682,,,100.0
6,180.0,2018-07-30,,0.0,0.0139930937643349,,,100.0
7,210.0,2018-07-30,,0.0,0.0139732142054375,,,100.0
8,240.0,2018-07-30,,0.0,0.0139288427533589,,,100.0
9,270.0,2018-07-30,,0.0,0.0139501757570224,,,100.0
10,300.0,2018-07-30,,0.0,0.0139715954273111,,,100.0
11,330.0,2018-07-30,,0.0,0.0139713917605555,,,100.0
12,360.0,2018-07-30,,0.0,0.0139218140854846,,,100.0
13,390.0,2018-07-30,,0.0,0.0137636856425098,,,100.0
14,420.0,2018-07-30,,0.0,0.0138308841526356,,,100.0
15,450.0,2018-07-30,,0.0,0.013921649418791,,,100.0
16,480.0,2018-07-30,,0.0,0.013872141077037,,,100.0
17,510.0,2018-07-30,,0.0,0.0139005460819152,,,100.0
18,540.0,2018-07-30,,0.0,0.0139713960939451,,,100.0
19,570.0,2018-07-31,,0.0,0.0139360360878714,,,100.0
20,600.0,2018-07-31,,0.0,0.00641579042352509,,,99.9959412922298
21,630.0,2018-07-31,,0.0,0.0,,,99.9807746376315
22,660.0,2018-07-31,,0.0,0.0,,,99.9649726212829
23,690.0,2018-07-31,,0.0,0.0,,,100.19329070769699
24,720.0,2018-07-31,,0.0,0.0,,,100.327674648337
25,750.0,2018-07-31,,0.0,0.0,,,100.34750869475599
26,780.0,2018-07-31,,0.0,0.0,,,100.33173294204599
27,810.0,2018-07-31,,0.0,0.0,,,100.315957330232
28,840.0,2018-07-31,,0.0,0.0,,,100.300182084349
29,870.0,2018-07-31,,0.0,0.0,,,100.28440345638501
30,900.0,2018-07-31,,0.0,0.0,,,100.26862891050399
31,930.0,2018-07-31,,0.0,0.0,,,100.25285487323099
32,960.0,2018-07-31,,0.0,0.0,,,100.237082164501
33,990.0,2018-07-31,,0.0,0.0,,,100.221308478442
34,1020.0,2018-07-31,,0.0,0.0,,,100.20553567333
35,1050.0,2018-07-31,,0.0,0.0,,,100.189763434358
36,1080.0,2018-07-31,,0.0,0.0,,,100.17399007464199
37,1110.0,2018-07-31,,0.0,0.0,,,100.15821922290002
38,1140.0,2018-07-31,,0.0,0.0,,,100.14244474676799
39,1170.0,2018-07-31,0.0711616689877879,0.0,0.0042609744169912,1.1735107898685901,0.101799097165998,101.74131363744199
40,1200.0,2018-07-31,0.478320343285707,0.0,0.03535857650832,1.6741294872278,0.28314076891144396,102.11325582250299
41,1230.0,2018-07-31,1.0141579786650101,0.0,0.0749632591129353,2.2854341487765097,0.4390707900048921,102.12149220001301
42,1260.0,2018-07-31,2.21285049373552,0.0,0.16358037159229502,3.50192833661111,0.6296263978699189,102.13128132648599
43,1290.0,2018-07-31,3.82672878210217,0.0,0.28287712874932697,4.98433028472674,0.765922337919434,102.14529732800501
44,1320.0,2018-07-31,5.9004334520191595,0.0,0.43605965994112894,6.8078050811819395,0.8659843219969159,102.162381449132
45,1350.0,2018-07-31,8.05741649418546,0.0,0.595683619860762,9.45379385584399,0.851272964948538,102.186505196024
46,1380.0,2018-07-31,9.17941374159032,0.0,0.6784648726940329,10.3185992761035,0.892473810203131,102.221193562926
47,1410.0,2018-07-31,8.96926458599587,0.0,0.6624448120624621,9.213414261660581,0.9736279992115731,102.220449508459
48,1440.0,2018-07-31,8.89086803620858,0.0,0.6568202416211409,9.34696490190601,0.9515231581985909,102.224217668835
49,1470.0,2018-07-31,9.18623309264797,0.0,0.678535895586103,9.70331715423763,0.9470860489671491,102.231400940565
50,1500.0,2018-07-31,9.73333935512017,0.0,0.7190918380437241,10.2488146332776,0.9498347307321461,102.246291569076
51,1530.0,2018-07-31,10.3313432145059,0.0,0.7634053996296359,10.9581358889095,0.942708279901812,102.269226320343
52,1560.0,2018-07-31,11.1274257170295,0.0,0.822264004157416,11.7931356795097,0.943547946797713,102.302672910748
53,1590.0,2018-07-31,11.965678645626,0.0,0.8843042458653331,12.734724633860099,0.939662881015933,102.342179636033
54,1620.0,2018-07-31,12.8552466288231,0.0,0.9501191191120111,13.647291354312902,0.9421982860632719,102.392493651279
55,1650.0,2018-07-31,13.7361659153968,0.0,1.01479832988149,14.456285297702598,0.9503409540317009,102.450581456014
56,1680.0,2018-07-31,14.534628092494,0.0,1.07375276472146,15.144188299033802,0.959814773947764,102.51632094804
57,1710.0,2018-07-31,15.1036569641551,0.0,1.1157616943468798,15.6747666557124,0.9636407931924158,102.589881559912
58,1740.0,2018-07-31,15.209642149925498,0.0,1.12355544593054,15.408724945668002,0.9872142370766801,102.66295184481702
59,1770.0,2018-07-31,15.5433398633976,0.0,1.14774255704373,15.801596305618201,0.983737459632515,102.735352354403
60,1800.0,2018-07-31,15.9581260955218,0.0,1.17852746133929,16.209043777117902,0.9846572793503571,102.815320895522
61,1830.0,2018-07-31,16.3987123206488,0.0,1.21120200660071,16.591485340057698,0.9884864643032549,102.89729717506901
62,1860.0,2018-07-31,16.757546086212802,0.0,1.23776940822941,16.989784357752303,0.986442183118452,102.98328536134501
63,1890.0,2018-07-31,17.1732456084294,0.0,1.26826809901655,17.4386209531787,0.9849410921754742,103.073436868492
64,1920.0,2018-07-31,11.510967934321801,0.0,0.8492216019985999,9.993429573047509,1.23563150372038,103.131463618729
65,1950.0,2018-07-31,6.67120746415358,0.237758677517337,0.478285581033235,8.36349820905735,0.8803625245066509,102.097044890174
66,1980.0,2018-07-31,17.659389413859802,0.312978502109529,1.30677081710819,20.159735819739897,0.873448903777057,102.24765282713001
67,2010.0,2018-08-01,22.305395176152302,0.325752898994485,1.64986455175241,24.5367876756218,0.9095960485005459,102.470487219095
68,2040.0,2018-08-01,26.831721422228103,0.33904707450562604,1.98421360012048,28.4886525932405,0.941390767896308,102.64575871287501
69,2070.0,2018-08-01,27.4946829401301,0.35288340464329204,2.03307995486781,29.068874426550003,0.9454836546707329,102.81491032812299
70,2100.0,2018-08-01,27.955806469402198,0.36728478791576297,2.06731390667129,29.921796904782198,0.934423517261615,102.990565135437
71,2130.0,2018-08-01,28.8283720995897,0.382274045397771,2.13241404022652,30.7244404573657,0.938256254673379,103.169701928398
72,2160.0,2018-08-01,30.4480589557122,0.397874854647694,2.25106258791808,32.0163140005642,0.950524079726097,103.34527984476401
73,2190.0,2018-08-01,30.2454636482655,0.414112688949779,2.23613812443652,31.9029355486171,0.9477588451574609,103.53117997846901
74,2220.0,2018-08-01,31.1417927212447,0.431012679363631,2.3017106558956,32.5381968663938,0.9571003498549059,103.723942256289
75,2250.0,2018-08-01,29.2437901896113,0.440566953806943,2.1306160540256798,31.424731344428395,0.933144837452655,102.08921420521999
76,2280.0,2018-08-01,29.481642317896103,0.4568436716679671,2.18057866928013,31.5950910147929,0.93287874586001,101.92617926727199
77,2310.0,2018-08-01,29.372336763509498,0.47548755737979204,2.17257970267303,31.4799855645219,0.9327133543037991,102.152643803039
78,2340.0,2018-08-01,29.177796023676702,0.494892722857357,2.1575422922923897,31.2298886052667,0.9341409632851919,102.39663503388901
79,2370.0,2018-08-01,28.098325009278803,0.51508968650306,2.07896882243677,30.552934225674896,0.9195520892050371,102.667220767901
80,2400.0,2018-08-01,27.6033587357379,0.536110752745741,2.0429085656783403,30.201107678958103,0.913920962686033,102.962509654126
81,2430.0,2018-08-01,27.229954596068502,0.557989600909207,2.01535722525622,30.1562792814251,0.9029023109566949,103.286688979442
82,2460.0,2018-08-01,27.381435469328498,0.5807609247961829,2.02668351207731,30.3298101895407,0.90278152739483,103.635444460499
83,2490.0,2018-08-01,27.367217998489,0.6044608811241651,2.02605658722594,30.7107044346978,0.891103980814206,104.069207037535
84,2520.0,2018-08-01,28.1705747306828,0.629131946184312,2.0850879738208,31.404639472514,0.897022997985799,104.472229441676
85,2550.0,2018-08-01,28.296345033374198,0.643913622461979,2.06328669855282,31.5812014332376,0.8970132093738149,103.14559664306101
86,2580.0,2018-08-01,29.199890577364698,0.666961370911635,2.1615460932793997,32.6911330432477,0.8932172506822571,103.082852337531
87,2610.0,2018-08-01,30.254189232771303,0.69417689816275,2.2405454085953,34.057576789261105,0.888322974790779,103.540811841681
88,2640.0,2018-08-01,31.7862595332082,0.7225063624264391,2.35396764975971,35.6887838886615,0.8906609145311349,104.02192114597
89,2670.0,2018-08-01,33.4911979754243,0.751994640666326,2.4803451673186,37.5903353931485,0.8909858553828309,104.528909857523
90,2700.0,2018-08-01,35.519778448666,0.7826805460414559,2.63127991801957,39.820109794608605,0.892039141887909,105.06493936092801
91,2730.0,2018-08-01,37.9380477207488,0.814622548371507,2.8114613893551006,42.3996049444959,0.894769505372207,105.62745889595502
92,2760.0,2018-08-01,40.622383084585294,0.847867749965429,3.0097834798744305,45.186730228458394,0.8989905239864909,106.222629222827
93,2790.0,2018-08-01,43.387814512969705,0.882475630154333,3.21634291765141,48.2186839004863,0.899799099196945,106.84956009459101
94,2820.0,2018-08-01,46.5839266127843,0.9184876874764399,3.45218752073749,51.5513190838818,0.903646232484341,107.50390026244
95,2850.0,2018-08-01,49.392299397349504,0.94161168707517,3.6075155900206,54.1174247110844,0.9130981604999009,106.557034515039
96,2880.0,2018-08-01,53.047275236244204,0.974365595315299,3.93163924430842,58.034059080636,0.9139026381156421,106.68414575013901
97,2910.0,2018-08-01,56.5210737421486,1.01412589094454,4.1906327725979,62.1084379203487,0.9099422089280021,107.46877688324801
98,2940.0,2018-08-01,61.7356546368566,1.05550943001817,4.5757406714521505,66.942971152411,0.922188255233237,108.272394988562
99,2970.0,2018-08-01,66.6706689002031,1.09858374210581,4.86238712329602,71.85540700026141,0.9277398395844941,109.421438268484
100,3000.0,2018-08-01,74.1619747497888,1.1434171313522201,4.722006630623519,77.822132168969,0.952924299207914,110.26592746546001
101,3030.0,2018-08-01,80.55092785715101,1.1900803384466498,4.38429202219643,84.3905940788055,0.954495983845804,111.11864626314899
102,3060.0,2018-08-01,87.650314513199,1.2386498298048703,4.04995598354152,91.4882142346897,0.958004738554697,112.01090751026501
103,3090.0,2018-08-01,95.41337200894459,1.2892019031883701,3.65912847357408,99.44635970028169,0.9594222453539442,112.942029672948
104,3120.0,2018-08-01,103.987160879409,1.34181199200623,3.2451982728767206,108.13834248086,0.961619833927359,113.909270774224
105,3150.0,2018-08-01,113.90796433240699,1.37987721088469,2.6707392493069304,116.978026810379,0.9783312625038001,113.594709354542
106,3180.0,2018-08-01,120.199246937959,1.4252276899185101,2.17772486908916,132.97290882008002,0.904490808206135,113.76025116026399
107,3210.0,2018-08-01,122.338195323603,1.48338946825711,2.20865361247146,128.39421063817,0.953661919069692,114.81599702736099
108,3240.0,2018-08-01,109.46064738847001,1.5439293576056698,2.0124675784533603,111.574274008188,0.981301748148453,115.792777783521
109,3270.0,2018-08-01,106.529107285285,1.60693880576696,1.9764800451389297,109.755691103501,0.970635564063718,116.79672693371599
110,3300.0,2018-08-01,111.142653033858,1.67251972160811,2.1588934622291203,114.630850923997,0.9696710116011129,117.847409001811
111,3330.0,2018-08-01,113.887903206977,1.7407776024992299,2.47223753879159,118.646392025585,0.9598932617584549,118.969410685247
112,3360.0,2018-08-01,119.5840712731,1.8118179687100802,2.72032250808078,123.999482475338,0.964382265848705,120.14066909977899
113,3390.0,2018-08-01,124.81064532934099,1.8677731899568,2.81346196463454,128.803144995032,0.969008351072119,121.34586687215901
114,3420.0,2018-08-01,125.34267282749799,1.88742694960435,2.7719925604377402,129.403952831993,0.9686424394346009,122.56279901824101
115,3450.0,2018-08-02,127.65531300543002,1.90607132847047,2.7751397193813903,132.895188184968,0.9605997806120921,123.798815348594
116,3480.0,2018-08-02,129.476868342189,1.9247158608281698,2.72259884893633,135.136518726904,0.9581409890634001,125.052776814468
117,3510.0,2018-08-02,130.640415716091,1.9433602664962102,2.6606027562513597,136.999773164978,0.9535974160277091,126.318439587857
118,3540.0,2018-08-02,132.39412035406,1.96200630463611,2.60296373270958,139.454645337155,0.949386085323118,127.595437094011
119,3570.0,2018-08-02,134.034738836843,1.96566320625985,2.5327525952160896,142.456832135053,0.9362374581797079,127.924932014767
120,3600.0,2018-08-02,135.507063313305,1.9645681135418,2.46310590710165,145.609722247509,0.9307314805941221,128.006422843725
121,3630.0,2018-08-02,136.921188261766,1.9828892050395501,2.53044244705,145.78634999573,0.9392419424639871,129.288479632221
122,3660.0,2018-08-02,140.341636216703,2.0012099031775703,2.6884306186860902,150.207472805728,0.9343158121346091,130.574762311548
123,3690.0,2018-08-02,144.217511950102,2.0195308343703897,2.8028708250928904,153.44615542231,0.939857834799646,131.859362905281
124,3720.0,2018-08-02,148.016456511234,2.03785162295736,2.8643615890386003,156.605291145081,0.945153686342159,133.13739889386102
125,3750.0,2018-08-02,151.406620249594,2.0561722821492903,2.87479726894992,159.519787752653,0.9491421862737149,134.413639828844
126,3780.0,2018-08-02,154.650968162731,2.0744931448150603,2.86478815996104,162.78355823083402,0.950068993142119,135.686063852662
127,3810.0,2018-08-02,157.291372389227,2.09281395112654,2.8934950027482005,165.91408079178498,0.9480324064877321,136.962947735138
128,3840.0,2018-08-02,160.23842196152,2.11113489621206,2.94103622281486,168.796456543911,0.9493072867188521,138.245132505255
129,3870.0,2018-08-02,163.29930327146099,2.1294555429938002,2.9902581791326295,171.526952152104,0.9520384354682042,139.532062214661
130,3900.0,2018-08-02,166.23552105264298,2.14777734807795,3.03651748266079,174.14290858277,0.954600652223485,140.82190026498898
131,3930.0,2018-08-02,169.209995563195,2.16609753283368,3.0834291294926,177.424883629594,0.953714405964388,142.118792843589
132,3960.0,2018-08-02,171.930536716372,2.1779360454320402,3.11157958256271,180.483071604238,0.9529634751883599,142.991900133768
133,3990.0,2018-08-02,172.528312404944,2.1684342433420403,3.13419479533077,180.98303633017602,0.9532975305328009,142.47295424725098
134,4020.0,2018-08-02,175.247198807991,2.18647205671655,3.1774278936242797,184.03612296444697,0.952252904878467,143.77146449311599
135,4050.0,2018-08-02,177.50405856817798,2.20450991483723,3.21182661775563,186.916348947882,0.9496894601047249,145.076761322107
136,4080.0,2018-08-02,180.92816583849097,2.22254096295892,3.2644124858029597,190.439391494802,0.950068476793804,146.393435264866
137,4110.0,2018-08-02,184.11660767633202,2.24057573235129,3.3142619579855097,193.35583398970002,0.952231082417817,147.718444260701
138,4140.0,2018-08-02,187.710271866279,2.25861128228714,3.3680588697275495,197.551009105376,0.9502032244001859,149.049375507321
139,4170.0,2018-08-02,191.73731810513002,2.27664617767525,3.4280581737375404,202.33815476643798,0.9476114084536921,150.386402555893
140,4200.0,2018-08-02,193.906624744808,2.29028276200228,3.43295985784886,205.769208919796,0.9432030281509399,151.421397248044
141,4230.0,2018-08-02,192.49928366814203,2.27868291414738,3.4037136764894402,204.965176677188,0.9408559795810542,150.895591622174
142,4260.0,2018-08-02,192.742895021161,2.29645399976463,3.43865450943112,206.70659173752102,0.9324641754054309,152.239491346728
143,4290.0,2018-08-02,193.90503593951598,2.3142238269918396,3.45384592208143,209.170766172721,0.9270431323812259,153.588798145989
144,4320.0,2018-08-02,194.53314913354902,2.33199309633679,3.46137025295271,209.49554335592498,0.928586415373481,154.95945090951
145,4350.0,2018-08-02,195.664120096756,2.3497634750640097,3.47773490105215,211.17574254652698,0.926557381735358,156.345503927113
146,4380.0,2018-08-02,196.882039885147,2.3675341254779902,3.49450767388365,212.71977491709302,0.925560090591676,157.746815836651
147,4410.0,2018-08-02,198.223871685526,2.3853039807807,3.51364953000352,214.157558423935,0.925611047407703,159.163366758135
148,4440.0,2018-08-02,199.504380502239,2.40249712468413,3.53112226056781,215.448448499253,0.9260841027292951,160.553640794508
149,4470.0,2018-08-02,198.838843088498,2.38722211949807,3.5105439892134305,214.98930044326,0.9267333468938761,159.79444603457
150,4500.0,2018-08-02,200.090731877634,2.40474670192115,3.5396351107519703,216.368390890477,0.9247799000603271,161.227868304872
151,4530.0,2018-08-02,201.616368202509,2.42226864576119,3.5604645167155997,217.87727802207002,0.925383727991533,162.673009799402
152,4560.0,2018-08-02,204.071255685019,2.43979196737565,3.5957912156218903,220.53587217800398,0.9253494635749571,164.130074070601
153,4590.0,2018-08-02,206.084406858895,2.45731546591334,3.6241893272305,222.46976112563598,0.92636124379481,165.59589567344202
154,4620.0,2018-08-02,207.852524900546,2.47483873912217,3.6491432331879596,223.712649510905,0.9291156113532041,167.07166744456
155,4650.0,2018-08-02,209.09560853888803,2.4923609377609903,3.6665722914989605,224.56215270046602,0.931136496572404,168.558654195133
156,4680.0,2018-08-02,210.682962777563,2.50988438819986,3.6893417000042303,225.666841456506,0.9336083343958409,170.060444529117
157,4710.0,2018-08-02,209.91656506951801,2.49547311384812,3.6624041979352997,223.912593905653,0.9386205301957791,169.395128271876
158,4740.0,2018-08-02,210.33849973306198,2.51156641567805,3.6834691386451603,224.305812784761,0.9377433560466991,170.823261612794
159,4770.0,2018-08-02,210.484623516617,2.52885990076379,3.6848961848073705,223.923335247813,0.939996897177923,172.38355628751302
160,4800.0,2018-08-02,210.03783030465198,2.54615362401249,3.6782493847579802,223.122827035243,0.941366408321662,173.926124877117
161,4830.0,2018-08-02,208.50898818376498,2.5634470037027,3.65472406074921,221.105434130113,0.943044133502898,175.480118490578
162,4860.0,2018-08-02,205.738409887574,2.58074070858385,3.6136690847639,218.30376570254901,0.94245277901684,177.04553469018998
163,4890.0,2018-08-03,202.647543184112,2.5980342262475,3.56869025110246,215.22310690387502,0.9415790134835279,178.620935253956
164,4920.0,2018-08-03,199.18957330687002,2.61532757056313,3.51798405392045,211.645933936288,0.94115883231939,180.204397120299
165,4950.0,2018-08-03,195.404578850596,2.60299271418371,3.42262608369529,207.08864534601398,0.945206698191097,179.82974737034098
166,4980.0,2018-08-03,189.48104120219398,2.61714375629046,3.37598778691212,201.27122917478698,0.941440857278208,181.23148226990398
167,5010.0,2018-08-03,187.252915890161,2.63422347616435,3.3388156781823497,198.515358488295,0.9432758796303521,182.829147982478
168,5040.0,2018-08-03,184.514600272749,2.6513032704089303,3.29693744844106,195.198862054212,0.945273378557407,184.432385089432
169,5070.0,2018-08-03,181.880061024164,2.66838284487963,3.25632740372327,192.16208866484797,0.9465015136176121,186.044051530957
170,5100.0,2018-08-03,179.49924621792198,2.6854625802948906,3.22110097728421,190.256362929314,0.9434719454791859,187.636466226182
171,5130.0,2018-08-03,177.24365287498298,2.70254232571939,3.1853782515249995,187.45678973443,0.945534386609646,189.26243045163602
172,5160.0,2018-08-03,175.34525807151903,2.7196218019979197,3.1579296414134004,184.863482650761,0.948526863201523,190.894042207732
173,5190.0,2018-08-03,172.67528333179,2.7114266566142304,3.10446619644978,181.487687106001,0.952130905942159,190.748179626357
174,5220.0,2018-08-03,170.790853502229,2.72166379288459,3.08825516403845,179.012692590195,0.9540839569587809,191.904407104645
175,5250.0,2018-08-03,169.258331750239,2.73854436000563,3.06580092232139,177.318539687976,0.9545548507287991,193.52722768156997
176,5280.0,2018-08-03,167.828988694635,2.7554247385903903,3.04561027430394,175.632547761441,0.9555882364090009,195.15592022714802
177,5310.0,2018-08-03,166.3114743436,2.7723053351933395,3.0243671308200697,173.668969464575,0.957651631358892,196.79060292302898
178,5340.0,2018-08-03,164.796571604943,2.7891856334658303,3.0032634673780096,172.091626530245,0.957620426596653,198.43754215646499
179,5370.0,2018-08-03,163.04766836181102,2.80606614132189,2.97650216376593,170.350017883711,0.9571459551210759,200.092262004427
180,5400.0,2018-08-03,161.521309004783,2.8229474169976903,2.95256998354393,168.639519784831,0.9577987457330079,201.750853388106
181,5430.0,2018-08-03,159.149577909921,2.8165327361117702,2.89715141842321,165.949726245689,0.9590243723297429,201.750277568188
182,5460.0,2018-08-03,156.780926563678,2.825188328969,2.8756035986551,163.528729966643,0.9587436136163711,202.854680074557
183,5490.0,2018-08-03,155.036664945694,2.84188163197878,2.84790159062975,161.518241738174,0.9598837038961759,204.52484495028
184,5520.0,2018-08-03,153.350662310508,2.85857480649489,2.8209714411289,159.39579437777599,0.9620843888286209,206.200747009143
185,5550.0,2018-08-03,151.55858978712098,2.8752689358637897,2.79258821119653,157.30947174615298,0.9634555643136551,207.88423159969398
186,5580.0,2018-08-03,149.780115390635,2.8919627766687,2.76448979600863,155.07766700843,0.9658744917560419,209.57728310393298
187,5610.0,2018-08-03,147.89344294227502,2.90865743028895,2.73871247956312,152.571705881476,0.969357278496198,211.27703811886602
188,5640.0,2018-08-03,145.757527944807,2.9253515740547096,2.7316534331101097,150.45401256769802,0.9687937794673499,212.989645270479
189,5670.0,2018-08-03,143.032792284927,2.92093323244024,2.7258280862715,147.485304494396,0.9697551230727389,213.16702515247
190,5700.0,2018-08-03,140.02391213164,2.92782467816379,2.76624145872375,144.313277083046,0.970286545821381,214.186869030171
191,5730.0,2018-08-03,137.716580268505,2.94434491970066,2.8213392420199503,141.755957328699,0.971515304012215,215.917554116278
192,5760.0,2018-08-03,135.249943655692,2.9608646981547304,2.8890221913357204,139.064138961776,0.972583700784778,217.663292861232
193,5790.0,2018-08-03,110.633830367435,2.4677864939508902,2.88128334982431,136.559095996052,0.972948565130481,219.410918807691
194,5820.0,2018-08-03,0.0,0.0,0.957617189979869,,,220.245719369746
195,5850.0,2018-08-03,0.0,0.0,0.40734745536041206,,,220.44861921064202
196,5880.0,2018-08-03,0.0,0.0,0.32589149112746896,,,220.511373599993
197,5910.0,2018-08-03,0.0,0.0,0.282159320401411,,,220.511984438191
198,5940.0,2018-08-03,0.0,0.0,0.243438936703774,,,220.511984438191
199,5970.0,2018-08-03,0.0,0.0,0.21695503993114199,,,219.09100272692
200,6000.0,2018-08-03,0.0,0.0,0.20075878008285802,,,218.283910385348
201,6030.0,2018-08-03,0.0,0.0,0.181848568367428,,,218.295689164191
202,6060.0,2018-08-03,0.0,0.0,0.16410152760708,,,218.303664943657
203,6090.0,2018-08-03,0.0,0.0,0.148220262646647,,,218.31888746219101
204,6120.0,2018-08-03,0.0,0.0,0.13454732864608399,,,218.34429290663502
205,6150.0,2018-08-03,0.0,0.0,0.12216489430180098,,,218.36938386119
206,6180.0,2018-08-03,0.0,0.0,0.111539709687021,,,218.39521378903197
207,6210.0,2018-08-03,0.0,0.0,0.10222659983490501,,,218.425725210041
208,6240.0,2018-08-03,0.0,0.0,0.0948641791573342,,,218.45534561722698
209,6270.0,2018-08-03,0.0,0.0,0.0884010097088267,,,218.484035371124
210,6300.0,2018-08-03,0.0,0.0,0.0825840268439322,,,218.51313955980498
211,6330.0,2018-08-04,0.0,0.0,0.0776342367359338,,,218.543094580858
212,6360.0,2018-08-04,0.0,0.0,0.0732428103480686,,,218.573879391838
213,6390.0,2018-08-04,0.0,0.0,0.0693912456266109,,,218.602468450616
214,6420.0,2018-08-04,0.0,0.0,0.0658497304274795,,,218.63471384295897
215,6450.0,2018-08-04,0.0,0.0,0.062784882196217,,,218.666636514912
216,6480.0,2018-08-04,0.0,0.0,0.0601480905216841,,,218.69660278981098
217,6510.0,2018-08-04,0.0,0.0,0.0582472603141046,,,218.72697955293597
218,6540.0,2018-08-04,0.0,0.0,0.0563270784904958,,,218.75647661294101
219,6570.0,2018-08-04,0.0,0.0,0.0543810966162493,,,218.789655369254
220,6600.0,2018-08-04,0.0,0.0,0.0528346060476965,,,218.821051663468
221,6630.0,2018-08-04,0.0,0.0,0.0512740259508463,,,218.861208506356
222,6660.0,2018-08-04,0.0,0.0,0.0493320166027504,,,218.893897500191
223,6690.0,2018-08-04,0.0,0.0,0.0478462510737555,,,218.925596256015
224,6720.0,2018-08-04,0.0,0.0,0.046531843515245,,,218.94718930819099
225,6750.0,2018-08-04,0.0,0.0,0.0454074103717822,,,218.970394314744
226,6780.0,2018-08-04,0.0,0.0,0.0441447521156699,,,219.00380244707
227,6810.0,2018-08-04,0.0,0.0,0.0429458977557676,,,219.03343990314
228,6840.0,2018-08-04,0.0,0.0,0.0419301954937334,,,219.064269402444
229,6870.0,2018-08-04,0.0,0.0,0.0409255528832542,,,219.091657362506
230,6900.0,2018-08-04,0.0,0.0,0.0400281843160456,,,219.12011712664398
231,6930.0,2018-08-04,0.0,0.0,0.039231964660511,,,219.149358025104
232,6960.0,2018-08-04,0.0,0.0,0.0386632720667082,,,219.178156991963
233,6990.0,2018-08-04,0.0,0.0,0.0380247797707137,,,219.204740029326
234,7020.0,2018-08-04,0.0,0.0,0.0373120347904788,,,219.238013931873
235,7050.0,2018-08-04,0.0,0.0,0.0363982506892079,,,219.260189528416
236,7080.0,2018-08-04,0.0,0.0,0.0357113891045724,,,219.288989187537
237,7110.0,2018-08-04,0.0,0.0,0.0350562442201345,,,219.318612492499
238,7140.0,2018-08-04,0.0,0.0,0.0344231989899646,,,219.34731308628798
239,7170.0,2018-08-04,0.0,0.0,0.0339362139974338,,,219.375282655452
240,7200.0,2018-08-04,0.0,0.0,0.0333482788865517,,,219.40212236932598
241,7230.0,2018-08-04,0.0,0.0,0.0329758224693529,,,219.42871550204399
242,7260.0,2018-08-04,0.0,0.0,0.0326265155675971,,,219.455994457642
243,7290.0,2018-08-04,0.0,0.0,0.0321455868946535,,,219.48231496907601
244,7320.0,2018-08-04,0.0,0.0,0.0319751696409926,,,219.50923885896302
245,7350.0,2018-08-04,0.0,0.0,0.0317499686222688,,,219.535953295707
246,7380.0,2018-08-04,0.0,0.0,0.0312667075338587,,,219.5621381491
247,7410.0,2018-08-04,0.0,0.0,0.0310278737165158,,,219.5881222934
248,7440.0,2018-08-04,0.0,0.0,0.0309651294876449,,,219.615098085022
249,7470.0,2018-08-04,0.0,0.0,0.0307284361883901,,,219.641660625574
250,7500.0,2018-08-04,0.0,0.0,0.0303490212887104,,,219.66800503995898
251,7530.0,2018-08-04,0.0,0.0,0.0300780380319212,,,219.694022209653
252,7560.0,2018-08-04,0.0,0.0,0.0300064834971772,,,219.718854463203
253,7590.0,2018-08-04,0.0,0.0,0.029979350714952006,,,219.745449268223
254,7620.0,2018-08-04,0.0,0.0,0.0298476909761181,,,219.771653185741
255,7650.0,2018-08-04,0.0,0.0,0.0296724598450151,,,219.79710392421902
256,7680.0,2018-08-04,0.0,0.0,0.0295357254548453,,,219.821772611945
257,7710.0,2018-08-04,0.0,0.0,0.029345837906319002,,,219.848682718637
258,7740.0,2018-08-04,0.0,0.0,0.0292548403579018,,,219.874678130505
259,7770.0,2018-08-05,0.0,0.0,0.0290482118387459,,,219.90837618273997
260,7800.0,2018-08-05,0.0,0.0,0.0290273627811314,,,219.932533635859
261,7830.0,2018-08-05,0.0,0.0,0.0290069636238863,,,219.967376719364
262,7860.0,2018-08-05,0.0,0.0,0.0288747870462734,,,219.98945639488701
263,7890.0,2018-08-05,0.0,0.0,0.0287669943933122,,,220.01414317845402
264,7920.0,2018-08-05,0.0,0.0,0.0284954329094928,,,220.037289686347
265,7950.0,2018-08-05,0.0,0.0,0.0284687209013694,,,220.065613176585
266,7980.0,2018-08-05,0.0,0.0,0.0281592275382278,,,220.089852316425
267,8010.0,2018-08-05,0.0,0.0,0.0280553771590865,,,220.11364228132598
268,8040.0,2018-08-05,0.0,0.0,0.0279863030842443,,,220.137653215009
269,8070.0,2018-08-05,0.0,0.0,0.0279167283506179,,,220.16374146789903
270,8100.0,2018-08-05,0.0,0.0,0.027663111920157996,,,220.189963019119
271,8130.0,2018-08-05,0.0,0.0,0.0274091467098077,,,220.21376986097198
272,8160.0,2018-08-05,0.0,0.0,0.0270899662706567,,,220.23677771263198
273,8190.0,2018-08-05,0.0,0.0,0.027117768497436,,,220.25966315261797
274,8220.0,2018-08-05,0.0,0.0,0.0270068359792528,,,220.287423244096
275,8250.0,2018-08-05,0.0,0.0,0.0269934093103853,,,220.309071590191
276,8280.0,2018-08-05,0.0,0.0,0.0269169848534139,,,220.33390964330502
277,8310.0,2018-08-05,0.0,0.0,0.0267356175227992,,,220.355627549011
278,8340.0,2018-08-05,0.0,0.0,0.0266210655481841,,,220.377518238273
279,8370.0,2018-08-05,0.0,0.0,0.0264384128298843,,,220.404525124979
280,8400.0,2018-08-05,0.0,0.0,0.0262411813423701,,,220.426944847053
281,8430.0,2018-08-05,0.0,0.0,0.0263483481611191,,,220.447148360065
282,8460.0,2018-08-05,0.0,0.0,0.0262259537782346,,,220.47060445608898
283,8490.0,2018-08-05,0.0,0.0,0.0261637443029697,,,220.499798291226
284,8520.0,2018-08-05,0.0,0.0,0.0261295172243379,,,220.523840122516
285,8550.0,2018-08-05,0.0,0.0,0.0260750013820687,,,220.547806764138
286,8580.0,2018-08-05,0.0,0.0,0.0261430488932226,,,220.58095138239
287,8610.0,2018-08-05,0.0,0.0,0.026040928598706,,,220.616122782191
288,8640.0,2018-08-05,0.0,0.0,0.026020436095347,,,220.636010429756
289,8670.0,2018-08-05,0.0,0.0,0.0260408749875861,,,220.66711618619098
290,8700.0,2018-08-05,0.0,0.0,0.0260272783186908,,,220.684610727437
291,8730.0,2018-08-05,0.0,0.0,0.0261091052765477,,,220.705037683136
292,8760.0,2018-08-05,0.0,0.0,0.026177551398878,,,220.730324152662
293,8790.0,2018-08-05,0.0,0.0,0.0262247683510619,,,220.755233367297
294,8820.0,2018-08-05,0.0,0.0,0.0261704861199421,,,220.78308495316398
295,8850.0,2018-08-05,0.0,0.0,0.0261981850133712,,,220.819706838191
296,8880.0,2018-08-05,0.0,0.0,0.0260955894409989,,,220.824943544781
297,8910.0,2018-08-05,0.0,0.0,0.0262798103045284,,,220.85012761293098
298,8940.0,2018-08-05,0.0,0.0,0.0262317158581334,,,220.894307578191
299,8970.0,2018-08-05,0.0,0.0,0.0261094594373397,,,220.898540833237
300,9000.0,2018-08-05,0.0,0.0,0.0261773655655142,,,220.919823758191
301,9030.0,2018-08-05,0.0,0.0,0.026177167787703997,,,220.943079617491
302,9060.0,2018-08-05,0.0,0.0,0.0262727980811568,,,220.967101889701
303,9090.0,2018-08-05,0.0,0.0,0.0264732096780891,,,221.001857301374
304,9120.0,2018-08-05,0.0,0.0,0.0268567434481795,,,221.115792041962
305,9150.0,2018-08-05,0.0,0.0,0.0277487130271598,,,221.76027010276297
306,9180.0,2018-08-05,0.0,0.0,0.0378570070075367,,,225.80840162508701
307,9210.0,2018-08-06,0.0,0.0,0.0649933695208723,,,230.768628019291
308,9240.0,2018-08-06,0.0,0.0,0.134324350161662,,,235.741404757412
309,9270.0,2018-08-06,0.0,0.0,0.274646964367227,,,240.716459979403
310,9300.0,2018-08-06,0.0,0.0,0.475888214335868,,,245.69144634265598
311,9330.0,2018-08-06,0.0,0.0,0.6375607249784151,,,249.678031439627
312,9360.0,2018-08-06,0.0,0.0,0.540476631435638,,,250.017540486191
313,9390.0,2018-08-06,0.0,0.0,0.43582111051749295,,,250.017540486191
314,9420.0,2018-08-06,0.0,0.0,0.36118932667550296,,,250.017540486191
315,9450.0,2018-08-06,0.0,0.0,0.303238629791289,,,250.017540486191
316,9480.0,2018-08-06,0.0,0.0,0.257393619413624,,,250.017540486191
317,9510.0,2018-08-06,0.0,0.0,0.221428739035865,,,250.017540486191
318,9540.0,2018-08-06,0.0,0.0,0.19191576654014603,,,250.017540486191
319,9570.0,2018-08-06,0.0,0.0,0.16836531542009198,,,250.017540486191
320,9600.0,2018-08-06,0.0,0.0,0.148687616999399,,,250.017540486191
321,9630.0,2018-08-06,0.0,0.0,0.132213965851806,,,250.017540486191
322,9660.0,2018-08-06,0.0,0.0,0.11825380299336599,,,250.017540486191
323,9690.0,2018-08-06,0.0,0.0,0.10731362990857002,,,250.017540486191
324,9720.0,2018-08-06,0.0,0.0,0.0976135324972406,,,250.017540486191
325,9750.0,2018-08-06,0.0,0.0,0.0891231847631168,,,250.017540486191
326,9780.0,2018-08-06,0.0,0.0,0.0851027014974732,,,250.017540486191
327,9810.0,2018-08-06,,,,,,250.017540486191
328,9840.0,2018-08-06,,0.0,,,,250.017540486191
329,9870.0,2018-08-06,,0.0,,,,250.017540486191
330,9900.0,2018-08-06,,0.0,,,,250.017540486191
331,9930.0,2018-08-06,,0.0,,,,250.017540486191
332,9960.0,2018-08-06,,0.0,,,,250.017540486191
333,9990.0,2018-08-06,,0.0,,,,250.017540486191
334,10020.0,2018-08-06,,0.0,,,,250.017540486191
335,10050.0,2018-08-06,,0.0,,,,250.017540486191
336,10080.0,2018-08-06,,0.0,,,,250.017540486191
337,10110.0,2018-08-06,,0.0,,,,250.017540486191
338,10140.0,2018-08-06,,0.0,,,,250.017540486191
339,10170.0,2018-08-06,,0.0,,,,250.017540486191
340,10200.0,2018-08-06,,0.0,,,,250.017540486191
341,10230.0,2018-08-06,,0.0,,,,250.017540486191
342,10260.0,2018-08-06,,0.0,,,,250.017540486191
343,10290.0,2018-08-06,,0.0,,,,250.017540486191
344,10320.0,2018-08-06,,0.0,,,,250.017540486191
345,10350.0,2018-08-06,,0.0,,,,250.017540486191
346,10380.0,2018-08-06,,0.0,,,,250.017540486191
347,10410.0,2018-08-06,,0.0,,,,250.017540486191
348,10440.0,2018-08-06,,0.0,,,,250.017540486191
349,10470.0,2018-08-06,,0.0,,,,250.017540486191
350,10500.0,2018-08-06,,0.0,,,,250.017540486191
351,10530.0,2018-08-06,,0.0,,,,250.017540486191
352,10560.0,2018-08-06,,0.0,,,,250.017540486191
353,10590.0,2018-08-06,,0.0,,,,250.017540486191
354,10620.0,2018-08-06,,0.0,,,,250.017540486191
355,10650.0,2018-08-07,,0.0,,,,250.017540486191
356,10680.0,2018-08-07,,0.0,,,,250.017540486191
357,10710.0,2018-08-07,,0.0,,,,250.017540486191
358,10740.0,2018-08-07,,0.0,,,,250.017540486191
359,10770.0,2018-08-07,,0.0,,,,250.017540486191
360,10800.0,2018-08-07,,0.0,,,,250.017540486191
361,10830.0,2018-08-07,,0.0,,,,250.017540486191
362,10860.0,2018-08-07,,0.0,,,,250.017540486191
363,10890.0,2018-08-07,,0.0,,,,250.017540486191
364,10920.0,2018-08-07,,0.0,,,,250.017540486191
365,10950.0,2018-08-07,,0.0,,,,250.017540486191
366,10980.0,2018-08-07,,0.0,,,,250.017540486191
367,11010.0,2018-08-07,,0.0,,,,250.017540486191
368,11040.0,2018-08-07,,0.0,,,,250.017540486191
369,11070.0,2018-08-07,,0.0,,,,250.017540486191
370,11100.0,2018-08-07,,0.0,,,,250.017540486191
371,11130.0,2018-08-07,,0.0,,,,250.017540486191
372,11160.0,2018-08-07,,0.0,,,,250.017540486191
373,11190.0,2018-08-07,,0.0,,,,250.017540486191
374,11220.0,2018-08-07,,0.0,,,,250.017540486191
